"id","section","user_question","intent","resolver","parameters","database","sql_blocks","answer_shape","sql_carrier_db","sql_newbrokerapi_db"
"1","A1","Vet MC246530","Full vet: verdict + score + factors","MC docket number -> DOT","@q='MC246530'; then @dot, @company_id","carrier + newbrokerapi","A0 + A1 + A1b + A1c","Verdict line (PASS/REVIEW/HARD-STOP) + DT Score + band, then authority, insurance, safety, OOS, years active, fraud-signal count, factors passed n/20, freshness stamp.","SET NAMES utf8mb4 COLLATE utf8mb4_0900_ai_ci;

-- ===== A0 =====
SET @q := 'MC246530';

SET @q_digits := REGEXP_REPLACE(@q, '[^0-9]', '');

SET @dot := (
    SELECT dot_number FROM (
        -- MC / FF / MX docket number
        SELECT a.dot_number, 1 AS rank_order
        FROM carrier.carrier_authorities a
        WHERE @q_digits <> ''
          AND a.docket_number IN (CONCAT('MC', @q_digits), CONCAT('FF', @q_digits), CONCAT('MX', @q_digits))

        UNION ALL

        -- Bare DOT number
        SELECT c.dot_number, 2
        FROM carrier.carriers c
        WHERE @q_digits <> '' AND c.dot_number = CAST(@q_digits AS UNSIGNED)

        UNION ALL

        -- Email address
        SELECT c.dot_number, 3
        FROM carrier.carriers c
        WHERE @q LIKE '%@%' AND c.email_address = @q

        UNION ALL

        -- Exact legal name / DBA
        SELECT c.dot_number, 4
        FROM carrier.carriers c
        WHERE @q NOT LIKE '%@%' AND @q_digits = ''
          AND (c.legal_name = @q OR c.dba_name = @q)
    ) m
    ORDER BY rank_order
    LIMIT 1
);

SELECT @dot AS resolved_dot;   -- NULL or >1 plausible match => fall through to A3

-- ===== A1 =====
SET @dot := 1749;

WITH auth AS (
    SELECT
        GROUP_CONCAT(DISTINCT a.docket_number ORDER BY a.docket_number SEPARATOR ', ') AS docket_numbers,
        MAX(a.common_stat)                                                     AS common_stat,
        MAX(a.contract_stat)                                                   AS contract_stat,
        MAX(a.broker_stat)                                                     AS broker_stat,
        MAX(a.common_stat = 'A' OR a.contract_stat = 'A' OR a.broker_stat = 'A') AS has_active_authority,
        MAX(a.broker_stat = 'A')                                               AS has_broker_authority,
        MAX(a.common_stat = 'A' OR a.contract_stat = 'A')                      AS has_carrier_authority,
        MAX(CAST(NULLIF(a.min_cov_amount, '') AS UNSIGNED))                    AS bipd_required_k
    FROM carrier.carrier_authorities a
    WHERE a.dot_number = @dot
),
-- Current coverage comes from the FMCSA ACTPENDINS file, not
-- insurance_filings: the latter is the *history* file (only ~6.4k of its 7.4M
-- rows are uncancelled), so reading it for ""insurance on file"" reports almost
-- every carrier as uninsured. actpendinsur_all_with_history is keyed on
-- dot_int (the integer DOT); mod_col_1 carries the coverage type.
filings AS (
    SELECT
        f.*,
        (f.mod_col_1 LIKE 'BIPD%')                                             AS is_bipd,
        (f.mod_col_1 = 'CARGO')                                                AS is_cargo,
        (f.mod_col_1 IN ('SURETY', 'TRUST FUND'))                              AS is_bond,
        (f.cancl_effective_date IS NULL OR f.cancl_effective_date > CURDATE())  AS is_live
    FROM carrier.actpendinsur_all_with_history f
    WHERE f.dot_int = @dot
),
ins AS (
    SELECT
        MAX(CASE WHEN is_bipd  AND is_live THEN max_cov_amount END)            AS bipd_on_file_k,
        MAX(CASE WHEN is_cargo AND is_live THEN max_cov_amount END)            AS cargo_on_file_k,
        MAX(is_cargo AND is_live)                                              AS cargo_on_file,
        MAX(is_bond  AND is_live)                                              AS bond_on_file,
        MAX(cancl_effective_date IS NOT NULL
            AND cancl_effective_date > CURDATE())                              AS pending_cancellation,
        MIN(CASE WHEN cancl_effective_date > CURDATE()
                 THEN cancl_effective_date END)                                AS cancels_on,
        COUNT(*)                                                               AS filing_count
    FROM filings
),
bipd_current AS (   -- the specific filing behind the limit above
    SELECT name_company, policy_no, effective_date, cancl_effective_date, max_cov_amount
    FROM filings
    WHERE is_bipd AND is_live
    ORDER BY max_cov_amount DESC, effective_date DESC
    LIMIT 1
),
orders AS (
    SELECT
        COUNT(*)                                                               AS authority_order_count,
        SUM(order2_effective_date > CURDATE() - INTERVAL 36 MONTH)             AS revocations_36mo
    FROM carrier.carrier_authority_orders
    WHERE dot_number = @dot
),
oos AS (
    SELECT
        SUM(status = 'ACTIVE' AND rescind_date IS NULL)                        AS active_oos_orders,
        MAX(CASE WHEN status = 'ACTIVE' AND rescind_date IS NULL THEN oos_reason END) AS active_oos_reason,
        MAX(CASE WHEN status = 'ACTIVE' AND rescind_date IS NULL THEN oos_date   END) AS active_oos_date
    FROM carrier.carrier_oos_orders
    WHERE dot_number = @dot
),
activity AS (
    SELECT
        (SELECT COUNT(*) FROM carrier.inspections
          WHERE dot_number = @dot AND insp_date >= CURDATE() - INTERVAL 12 MONTH) AS inspections_12mo,
        (SELECT COUNT(*) FROM carrier.crashes
          WHERE dot_number = @dot AND fatalities > 0)                             AS fatal_crashes,
        (SELECT COUNT(*) FROM carrier.crashes
          WHERE dot_number = @dot AND report_date >= CURDATE() - INTERVAL 24 MONTH) AS crashes_24mo,
        (SELECT COUNT(*) FROM carrier.carrier_contacts WHERE dot_number = @dot)   AS boc3_filings
),
benchmark AS (   -- national vehicle OOS rate, same definition CarrierRiskService caches
    -- ~2.7s of this query's ~3.4s: an unindexed scan of 690k sms_measures rows
    -- for a number that moves monthly. CarrierRiskService caches it for an
    -- hour; for interactive use substitute the cached value instead:
    --     SELECT 0.2494 AS natl_vehicle_oos
    SELECT AVG(vehicle_oos_insp_total / NULLIF(vehicle_insp_total, 0)) AS natl_vehicle_oos
    FROM carrier.sms_measures
    WHERE vehicle_insp_total >= 5
)
SELECT
    -- ---- verdict (GR-9: the gate is stated before anything else) ----
    CASE
        WHEN d.status_code <> 'A'                                    THEN 'HARD-STOP'
        WHEN auth.has_active_authority = 0                           THEN 'HARD-STOP'
        WHEN oos.active_oos_orders > 0                               THEN 'HARD-STOP'
        WHEN d.safety_rating IN ('U', 'C')                           THEN 'HARD-STOP'
        WHEN orders.revocations_36mo > 0                             THEN 'HARD-STOP'
        WHEN ins.bipd_on_file_k IS NULL                              THEN 'HARD-STOP'
        WHEN ins.bipd_on_file_k < auth.bipd_required_k               THEN 'HARD-STOP'
        WHEN DATEDIFF(CURDATE(), c.add_date) < 90                    THEN 'HARD-STOP'
        WHEN ins.pending_cancellation = 1                            THEN 'REVIEW'
        WHEN ins.cargo_on_file = 0                                   THEN 'REVIEW'
        WHEN auth.has_broker_authority = 1
             AND auth.has_carrier_authority = 1                      THEN 'REVIEW'
        WHEN activity.boc3_filings = 0                               THEN 'REVIEW'
        WHEN c.mcs150_date < CURDATE() - INTERVAL 24 MONTH           THEN 'REVIEW'
        WHEN activity.fatal_crashes > 0                              THEN 'REVIEW'
        ELSE 'PASS'
    END                                                                       AS verdict,
    CONCAT_WS('; ',
        CASE WHEN d.status_code <> 'A'                      THEN CONCAT('USDOT registration ', d.status_code) END,
        CASE WHEN auth.has_active_authority = 0             THEN 'no active operating authority' END,
        CASE WHEN oos.active_oos_orders > 0                 THEN CONCAT('federal out-of-service order ', oos.active_oos_date, ' (', oos.active_oos_reason, ')') END,
        CASE WHEN d.safety_rating IN ('U','C')              THEN CONCAT(IF(d.safety_rating='U','Unsatisfactory','Conditional'), ' safety rating') END,
        CASE WHEN orders.revocations_36mo > 0               THEN CONCAT(orders.revocations_36mo, ' revocation(s) in last 36 months') END,
        CASE WHEN ins.bipd_on_file_k IS NULL                THEN 'no active BIPD insurance on file' END,
        CASE WHEN ins.bipd_on_file_k < auth.bipd_required_k THEN 'liability coverage below federal minimum' END,
        CASE WHEN DATEDIFF(CURDATE(), c.add_date) < 90      THEN CONCAT('authority only ', DATEDIFF(CURDATE(), c.add_date), ' days old') END,
        CASE WHEN ins.pending_cancellation = 1              THEN 'insurance cancellation pending' END,
        CASE WHEN ins.cargo_on_file = 0                     THEN 'no cargo insurance on file' END,
        CASE WHEN auth.has_broker_authority = 1 AND auth.has_carrier_authority = 1 THEN 'holds both carrier and broker authority (double-broker risk)' END,
        CASE WHEN activity.boc3_filings = 0                 THEN 'no BOC-3 process agent on file' END,
        CASE WHEN c.mcs150_date < CURDATE() - INTERVAL 24 MONTH THEN 'MCS-150 filing overdue' END,
        CASE WHEN activity.fatal_crashes > 0                THEN CONCAT(activity.fatal_crashes, ' fatal crash(es) on record') END
    )                                                                         AS verdict_reasons,

    -- ---- identity ----
    c.dot_number,
    auth.docket_numbers                                                       AS mc_numbers,
    c.legal_name,
    c.dba_name,
    CONCAT_WS(', ', c.phy_city, c.phy_state)                                  AS based_in,

    -- ---- authority ----
    auth.common_stat, auth.contract_stat, auth.broker_stat,
    d.status_code                                                             AS usdot_status,
    CASE c.carrier_operation
        WHEN 'A' THEN 'Interstate'
        WHEN 'B' THEN 'Intrastate Hazmat'
        WHEN 'C' THEN 'Intrastate Non-Hazmat'
        ELSE c.carrier_operation END                                          AS operation_type,
    c.add_date                                                                AS authority_granted,
    ROUND(DATEDIFF(CURDATE(), c.add_date) / 365.25, 1)                        AS years_active,
    COALESCE(orders.revocations_36mo, 0)                                      AS revocations_last_36mo,
    IF(COALESCE(orders.authority_order_count, 0) = 0 AND auth.has_active_authority = 1,
       'uninterrupted', 'interrupted')                                        AS authority_history,

    -- ---- insurance on file ----
    ins.bipd_on_file_k  * 1000                                                AS bipd_limit_usd,
    auth.bipd_required_k * 1000                                               AS bipd_required_usd,
    ins.cargo_on_file_k * 1000                                                AS cargo_limit_usd,
    bc.name_company                                                           AS bipd_insurer,
    bc.policy_no                                                              AS bipd_policy_no,
    bc.effective_date                                                         AS bipd_effective_date,
    bc.cancl_effective_date                                                   AS bipd_cancels_on,
    IF(ins.bipd_on_file_k IS NOT NULL, 'active', 'none on file')              AS bipd_state,
    COALESCE(ins.bond_on_file, 0)                                             AS surety_bond_on_file,
    COALESCE(ins.pending_cancellation, 0)                                     AS pending_cancellation,
    ins.cancels_on                                                            AS next_cancellation_date,

    -- ---- safety ----
    CASE d.safety_rating
        WHEN 'S' THEN 'Satisfactory'
        WHEN 'C' THEN 'Conditional'
        WHEN 'U' THEN 'Unsatisfactory'
        ELSE 'Not rated' END                                                  AS safety_rating,
    d.safety_rating_date,
    sms.insp_total                                                            AS inspections_total,
    ROUND(100 * sms.driver_oos_insp_total  / NULLIF(sms.driver_insp_total, 0), 1)  AS driver_oos_pct,
    ROUND(100 * sms.vehicle_oos_insp_total / NULLIF(sms.vehicle_insp_total, 0), 1) AS vehicle_oos_pct,
    ROUND(100 * b.natl_vehicle_oos, 1)                                        AS natl_vehicle_oos_pct,
    activity.inspections_12mo,
    activity.crashes_24mo,
    activity.fatal_crashes,

    -- ---- fleet ----
    c.nbr_power_unit                                                          AS power_units,
    c.driver_total                                                            AS drivers,

    -- ---- freshness (GR: every answer carries a stamp) ----
    GREATEST(COALESCE(c.updated_at, '1970-01-01'),
             COALESCE(d.updated_at, '1970-01-01'))                            AS fmcsa_synced_at
FROM carrier.carriers c
CROSS JOIN auth
CROSS JOIN ins
CROSS JOIN orders
CROSS JOIN oos
CROSS JOIN activity
CROSS JOIN benchmark b
LEFT JOIN bipd_current bc ON TRUE
LEFT JOIN carrier.carrier_details d ON d.dot_number = c.dot_number
LEFT JOIN carrier.sms_measures   sms ON sms.dot_number = c.dot_number
WHERE c.dot_number = @dot;

-- ===== A1b =====
SET @dot := 1749;

WITH f AS (
    SELECT
        c.dot_number,
        c.telephone, c.email_address, c.phy_street, c.phy_city, c.phy_state,
        c.add_date, c.mcs150_date,
        d.status_code, d.safety_rating, d.dun_bradstreet_no,
        sms.insp_total, sms.vehicle_insp_total, sms.vehicle_oos_insp_total,
        sms.unsafe_driv_ac, sms.hos_driv_ac, sms.driv_fit_ac, sms.contr_subst_ac, sms.veh_maint_ac,
        (SELECT MAX(a.common_stat='A' OR a.contract_stat='A' OR a.broker_stat='A')
           FROM carrier.carrier_authorities a WHERE a.dot_number = c.dot_number)   AS has_active_authority,
        (SELECT MAX(CAST(NULLIF(a.min_cov_amount,'') AS UNSIGNED))
           FROM carrier.carrier_authorities a WHERE a.dot_number = c.dot_number)   AS bipd_required_k,
        (SELECT COUNT(*) FROM carrier.carrier_oos_orders o
           WHERE o.dot_number = c.dot_number AND o.status = 'ACTIVE' AND o.rescind_date IS NULL) AS active_oos,
        (SELECT COUNT(*) FROM carrier.carrier_authority_orders o
           WHERE o.dot_number = c.dot_number
             AND o.order2_effective_date > CURDATE() - INTERVAL 36 MONTH)          AS revocations_36mo,
        (SELECT COUNT(*) FROM carrier.carrier_contacts x WHERE x.dot_number = c.dot_number) AS boc3,
        (SELECT COUNT(*) FROM carrier.inspections i
           WHERE i.dot_number = c.dot_number AND i.insp_date >= CURDATE() - INTERVAL 12 MONTH) AS insp_12mo,
        (SELECT COUNT(*) FROM carrier.crashes cr
           WHERE cr.dot_number = c.dot_number AND cr.fatalities > 0)               AS fatal_crashes,
        (SELECT COUNT(*) FROM carrier.carriers o
           WHERE o.telephone = c.telephone AND o.telephone <> '' AND o.dot_number <> c.dot_number) AS shared_phone,
        (SELECT COUNT(*) FROM carrier.carriers o
           WHERE o.email_address = c.email_address AND o.email_address <> '' AND o.dot_number <> c.dot_number) AS shared_email,
        (SELECT COUNT(*) FROM carrier.carriers o
           WHERE o.phy_state = c.phy_state AND o.phy_city = c.phy_city
             AND o.phy_street = c.phy_street AND o.dot_number <> c.dot_number)     AS shared_address,
        ce.authorized_for_hire,
        (SELECT MAX(CASE WHEN i.mod_col_1 LIKE 'BIPD%'
                          AND (i.cancl_effective_date IS NULL OR i.cancl_effective_date > CURDATE())
                    THEN i.max_cov_amount END)
           FROM carrier.actpendinsur_all_with_history i WHERE i.dot_int = c.dot_number) AS bipd_k,
        (SELECT MAX(i.mod_col_1 = 'CARGO'
                    AND (i.cancl_effective_date IS NULL OR i.cancl_effective_date > CURDATE()))
           FROM carrier.actpendinsur_all_with_history i WHERE i.dot_int = c.dot_number) AS cargo_live,
        (SELECT MAX(i.cancl_effective_date IS NOT NULL AND i.cancl_effective_date > CURDATE())
           FROM carrier.actpendinsur_all_with_history i WHERE i.dot_int = c.dot_number) AS pending_cancel,
        (SELECT AVG(vehicle_oos_insp_total / NULLIF(vehicle_insp_total,0))
           FROM carrier.sms_measures WHERE vehicle_insp_total >= 5)                AS natl_veh_oos
    FROM carrier.carriers c
    LEFT JOIN carrier.carrier_details d  ON d.dot_number  = c.dot_number
    LEFT JOIN carrier.carrier_census  ce ON ce.dot_number = c.dot_number
    LEFT JOIN carrier.sms_measures   sms ON sms.dot_number = c.dot_number
    WHERE c.dot_number = @dot
),
factors AS (
    SELECT 'authority'  AS category, 'Active USDOT registration'              AS factor, status_code = 'A' AS passed FROM f
    UNION ALL SELECT 'authority', 'Holds active operating authority',          has_active_authority = 1 FROM f
    UNION ALL SELECT 'authority', 'Authorized for hire',                       authorized_for_hire = 1 FROM f   -- NULL when the census file has no row yet
    UNION ALL SELECT 'authority', 'No federal out-of-service order',           active_oos = 0 FROM f
    UNION ALL SELECT 'authority', 'No revocations in last 36 months',          revocations_36mo = 0 FROM f
    UNION ALL SELECT 'authority', 'MCS-150 filing current (< 24 months)',      mcs150_date > CURDATE() - INTERVAL 24 MONTH FROM f
    UNION ALL SELECT 'authority', 'BOC-3 process agent on file',               boc3 > 0 FROM f
    UNION ALL SELECT 'insurance', 'Active BIPD insurance on file',             bipd_k IS NOT NULL FROM f
    UNION ALL SELECT 'insurance', 'Liability coverage meets federal minimum',  bipd_k >= bipd_required_k FROM f
    UNION ALL SELECT 'insurance', 'Cargo insurance on file',                   cargo_live = 1 FROM f
    UNION ALL SELECT 'insurance', 'No pending insurance cancellation',         COALESCE(pending_cancel, 0) = 0 FROM f
    UNION ALL SELECT 'safety',    'Safety rating not Unsatisfactory/Conditional',
                                  IF(safety_rating IS NULL OR safety_rating = '', NULL, safety_rating NOT IN ('U','C')) FROM f
    UNION ALL SELECT 'safety',    'No acute/critical violations',
                                  IF(insp_total IS NULL, NULL,
                                     COALESCE(unsafe_driv_ac,0) + COALESCE(hos_driv_ac,0) + COALESCE(driv_fit_ac,0)
                                   + COALESCE(contr_subst_ac,0) + COALESCE(veh_maint_ac,0) = 0) FROM f
    UNION ALL SELECT 'safety',    'No fatal crashes on record',                fatal_crashes = 0 FROM f
    UNION ALL SELECT 'safety',    'Vehicle OOS rate below industry average',
                                  IF(vehicle_insp_total >= 5,
                                     (vehicle_oos_insp_total / vehicle_insp_total) < natl_veh_oos, NULL) FROM f
    UNION ALL SELECT 'safety',    'Inspection activity in last 12 months',     insp_12mo > 0 FROM f
    UNION ALL SELECT 'identity',  'Phone unique to this carrier',
                                  IF(telephone IS NULL OR telephone = '', NULL, shared_phone = 0) FROM f
    UNION ALL SELECT 'identity',  'Email unique to this carrier',
                                  IF(email_address IS NULL OR email_address = '', NULL, shared_email = 0) FROM f
    UNION ALL SELECT 'identity',  'Address unique to this carrier',
                                  IF(CHAR_LENGTH(TRIM(COALESCE(phy_street,''))) <= 5, NULL, shared_address = 0) FROM f
    UNION ALL SELECT 'identity',  'Address verified as non-virtual',
                                  UPPER(COALESCE(phy_street,'')) NOT REGEXP
                                  'UPS STORE|REGUS|WEWORK|PMB |POSTAL ANNEX|MAIL BOXES ETC|MAILBOX|REGISTERED AGENT|VIRTUAL OFFICE|SUITE #' FROM f
)
SELECT
    category,
    factor,
    CASE passed WHEN 1 THEN 'pass' WHEN 0 THEN 'fail' ELSE 'monitoring' END AS state,
    -- the ""n/20"" line, carried on every row so one query answers both
    SUM(passed = 1)     OVER () AS factors_passed,
    SUM(passed = 0)     OVER () AS factors_failed,
    SUM(passed IS NULL) OVER () AS factors_monitoring,
    COUNT(*)            OVER () AS factors_total
FROM factors
ORDER BY FIELD(category, 'authority', 'insurance', 'safety', 'identity'),
         passed IS NULL, passed, factor;","SET NAMES utf8mb4 COLLATE utf8mb4_unicode_ci;

-- ===== A1c =====
SET @dot := 1749;
SET @company_id := 5;

SELECT
    sh.carrier_id                      AS dot_number,
    sh.dt_score,
    CASE
        WHEN sh.dt_score >= 80 THEN 'Low risk'
        WHEN sh.dt_score >= 60 THEN 'Moderate risk'
        WHEN sh.dt_score >= 40 THEN 'Elevated risk'
        ELSE 'High risk'
    END                                AS band,
    sh.updated_at                      AS scored_at,
    CONCAT(u.first_name, ' ', u.last_name) AS scored_by
FROM search_histories sh
JOIN users u ON u.id = sh.user_id
WHERE sh.carrier_id = @dot
  AND sh.company_id = @company_id     -- GR-6: tenant-wide, not per-user
ORDER BY sh.updated_at DESC
LIMIT 1;

-- A1c-weights — the weights that score was built from, for ""by your weights"".
SELECT authority, insurance_coi, safety_csa, inspection_vin, fraud_signals, payment_history
FROM scoring_weights
WHERE company_id = @company_id AND is_template = 0
ORDER BY id DESC
LIMIT 1;"
"2","A1","Run a vet on Jeffory Allen Rundlett","Full vet, entity named by person/company name","Legal name -> DOT (disambiguate first if >1 match)","@name; @q; @dot; @company_id","carrier + newbrokerapi","A3 + A0 + A1 + A1b + A1c","If A3 returns >1 match, ask which one before running A1 (GR-14). Otherwise same as ""Vet MC246530"".","SET NAMES utf8mb4 COLLATE utf8mb4_0900_ai_ci;

-- ===== A3 =====
SET @name := 'RUNDLETT';

SELECT
    c.dot_number,
    (SELECT GROUP_CONCAT(DISTINCT a.docket_number ORDER BY a.docket_number SEPARATOR ', ')
       FROM carrier.carrier_authorities a WHERE a.dot_number = c.dot_number) AS mc_numbers,
    c.legal_name,
    c.dba_name,
    c.phy_state,
    c.phy_city,
    CONCAT_WS('/',
        NULLIF(CONCAT('Common:',  (SELECT MAX(common_stat)   FROM carrier.carrier_authorities a WHERE a.dot_number = c.dot_number)), 'Common:'),
        NULLIF(CONCAT('Contract:',(SELECT MAX(contract_stat) FROM carrier.carrier_authorities a WHERE a.dot_number = c.dot_number)), 'Contract:'),
        NULLIF(CONCAT('Broker:',  (SELECT MAX(broker_stat)   FROM carrier.carrier_authorities a WHERE a.dot_number = c.dot_number)), 'Broker:')
    )                                                                        AS authority,
    d.status_code                                                            AS usdot_status,
    c.nbr_power_unit                                                         AS power_units
FROM carrier.carriers c
LEFT JOIN carrier.carrier_details d ON d.dot_number = c.dot_number
WHERE c.legal_name LIKE CONCAT('%', @name, '%')
   OR c.dba_name   LIKE CONCAT('%', @name, '%')
ORDER BY (d.status_code = 'A') DESC, c.nbr_power_unit DESC
LIMIT 25;
-- DT Score per match: join newbrokerapi.search_histories separately (A1c) —
-- the two databases are on different servers.

-- ===== A0 =====
SET @q := 'MC246530';

SET @q_digits := REGEXP_REPLACE(@q, '[^0-9]', '');

SET @dot := (
    SELECT dot_number FROM (
        -- MC / FF / MX docket number
        SELECT a.dot_number, 1 AS rank_order
        FROM carrier.carrier_authorities a
        WHERE @q_digits <> ''
          AND a.docket_number IN (CONCAT('MC', @q_digits), CONCAT('FF', @q_digits), CONCAT('MX', @q_digits))

        UNION ALL

        -- Bare DOT number
        SELECT c.dot_number, 2
        FROM carrier.carriers c
        WHERE @q_digits <> '' AND c.dot_number = CAST(@q_digits AS UNSIGNED)

        UNION ALL

        -- Email address
        SELECT c.dot_number, 3
        FROM carrier.carriers c
        WHERE @q LIKE '%@%' AND c.email_address = @q

        UNION ALL

        -- Exact legal name / DBA
        SELECT c.dot_number, 4
        FROM carrier.carriers c
        WHERE @q NOT LIKE '%@%' AND @q_digits = ''
          AND (c.legal_name = @q OR c.dba_name = @q)
    ) m
    ORDER BY rank_order
    LIMIT 1
);

SELECT @dot AS resolved_dot;   -- NULL or >1 plausible match => fall through to A3

-- ===== A1 =====
SET @dot := 1749;

WITH auth AS (
    SELECT
        GROUP_CONCAT(DISTINCT a.docket_number ORDER BY a.docket_number SEPARATOR ', ') AS docket_numbers,
        MAX(a.common_stat)                                                     AS common_stat,
        MAX(a.contract_stat)                                                   AS contract_stat,
        MAX(a.broker_stat)                                                     AS broker_stat,
        MAX(a.common_stat = 'A' OR a.contract_stat = 'A' OR a.broker_stat = 'A') AS has_active_authority,
        MAX(a.broker_stat = 'A')                                               AS has_broker_authority,
        MAX(a.common_stat = 'A' OR a.contract_stat = 'A')                      AS has_carrier_authority,
        MAX(CAST(NULLIF(a.min_cov_amount, '') AS UNSIGNED))                    AS bipd_required_k
    FROM carrier.carrier_authorities a
    WHERE a.dot_number = @dot
),
-- Current coverage comes from the FMCSA ACTPENDINS file, not
-- insurance_filings: the latter is the *history* file (only ~6.4k of its 7.4M
-- rows are uncancelled), so reading it for ""insurance on file"" reports almost
-- every carrier as uninsured. actpendinsur_all_with_history is keyed on
-- dot_int (the integer DOT); mod_col_1 carries the coverage type.
filings AS (
    SELECT
        f.*,
        (f.mod_col_1 LIKE 'BIPD%')                                             AS is_bipd,
        (f.mod_col_1 = 'CARGO')                                                AS is_cargo,
        (f.mod_col_1 IN ('SURETY', 'TRUST FUND'))                              AS is_bond,
        (f.cancl_effective_date IS NULL OR f.cancl_effective_date > CURDATE())  AS is_live
    FROM carrier.actpendinsur_all_with_history f
    WHERE f.dot_int = @dot
),
ins AS (
    SELECT
        MAX(CASE WHEN is_bipd  AND is_live THEN max_cov_amount END)            AS bipd_on_file_k,
        MAX(CASE WHEN is_cargo AND is_live THEN max_cov_amount END)            AS cargo_on_file_k,
        MAX(is_cargo AND is_live)                                              AS cargo_on_file,
        MAX(is_bond  AND is_live)                                              AS bond_on_file,
        MAX(cancl_effective_date IS NOT NULL
            AND cancl_effective_date > CURDATE())                              AS pending_cancellation,
        MIN(CASE WHEN cancl_effective_date > CURDATE()
                 THEN cancl_effective_date END)                                AS cancels_on,
        COUNT(*)                                                               AS filing_count
    FROM filings
),
bipd_current AS (   -- the specific filing behind the limit above
    SELECT name_company, policy_no, effective_date, cancl_effective_date, max_cov_amount
    FROM filings
    WHERE is_bipd AND is_live
    ORDER BY max_cov_amount DESC, effective_date DESC
    LIMIT 1
),
orders AS (
    SELECT
        COUNT(*)                                                               AS authority_order_count,
        SUM(order2_effective_date > CURDATE() - INTERVAL 36 MONTH)             AS revocations_36mo
    FROM carrier.carrier_authority_orders
    WHERE dot_number = @dot
),
oos AS (
    SELECT
        SUM(status = 'ACTIVE' AND rescind_date IS NULL)                        AS active_oos_orders,
        MAX(CASE WHEN status = 'ACTIVE' AND rescind_date IS NULL THEN oos_reason END) AS active_oos_reason,
        MAX(CASE WHEN status = 'ACTIVE' AND rescind_date IS NULL THEN oos_date   END) AS active_oos_date
    FROM carrier.carrier_oos_orders
    WHERE dot_number = @dot
),
activity AS (
    SELECT
        (SELECT COUNT(*) FROM carrier.inspections
          WHERE dot_number = @dot AND insp_date >= CURDATE() - INTERVAL 12 MONTH) AS inspections_12mo,
        (SELECT COUNT(*) FROM carrier.crashes
          WHERE dot_number = @dot AND fatalities > 0)                             AS fatal_crashes,
        (SELECT COUNT(*) FROM carrier.crashes
          WHERE dot_number = @dot AND report_date >= CURDATE() - INTERVAL 24 MONTH) AS crashes_24mo,
        (SELECT COUNT(*) FROM carrier.carrier_contacts WHERE dot_number = @dot)   AS boc3_filings
),
benchmark AS (   -- national vehicle OOS rate, same definition CarrierRiskService caches
    -- ~2.7s of this query's ~3.4s: an unindexed scan of 690k sms_measures rows
    -- for a number that moves monthly. CarrierRiskService caches it for an
    -- hour; for interactive use substitute the cached value instead:
    --     SELECT 0.2494 AS natl_vehicle_oos
    SELECT AVG(vehicle_oos_insp_total / NULLIF(vehicle_insp_total, 0)) AS natl_vehicle_oos
    FROM carrier.sms_measures
    WHERE vehicle_insp_total >= 5
)
SELECT
    -- ---- verdict (GR-9: the gate is stated before anything else) ----
    CASE
        WHEN d.status_code <> 'A'                                    THEN 'HARD-STOP'
        WHEN auth.has_active_authority = 0                           THEN 'HARD-STOP'
        WHEN oos.active_oos_orders > 0                               THEN 'HARD-STOP'
        WHEN d.safety_rating IN ('U', 'C')                           THEN 'HARD-STOP'
        WHEN orders.revocations_36mo > 0                             THEN 'HARD-STOP'
        WHEN ins.bipd_on_file_k IS NULL                              THEN 'HARD-STOP'
        WHEN ins.bipd_on_file_k < auth.bipd_required_k               THEN 'HARD-STOP'
        WHEN DATEDIFF(CURDATE(), c.add_date) < 90                    THEN 'HARD-STOP'
        WHEN ins.pending_cancellation = 1                            THEN 'REVIEW'
        WHEN ins.cargo_on_file = 0                                   THEN 'REVIEW'
        WHEN auth.has_broker_authority = 1
             AND auth.has_carrier_authority = 1                      THEN 'REVIEW'
        WHEN activity.boc3_filings = 0                               THEN 'REVIEW'
        WHEN c.mcs150_date < CURDATE() - INTERVAL 24 MONTH           THEN 'REVIEW'
        WHEN activity.fatal_crashes > 0                              THEN 'REVIEW'
        ELSE 'PASS'
    END                                                                       AS verdict,
    CONCAT_WS('; ',
        CASE WHEN d.status_code <> 'A'                      THEN CONCAT('USDOT registration ', d.status_code) END,
        CASE WHEN auth.has_active_authority = 0             THEN 'no active operating authority' END,
        CASE WHEN oos.active_oos_orders > 0                 THEN CONCAT('federal out-of-service order ', oos.active_oos_date, ' (', oos.active_oos_reason, ')') END,
        CASE WHEN d.safety_rating IN ('U','C')              THEN CONCAT(IF(d.safety_rating='U','Unsatisfactory','Conditional'), ' safety rating') END,
        CASE WHEN orders.revocations_36mo > 0               THEN CONCAT(orders.revocations_36mo, ' revocation(s) in last 36 months') END,
        CASE WHEN ins.bipd_on_file_k IS NULL                THEN 'no active BIPD insurance on file' END,
        CASE WHEN ins.bipd_on_file_k < auth.bipd_required_k THEN 'liability coverage below federal minimum' END,
        CASE WHEN DATEDIFF(CURDATE(), c.add_date) < 90      THEN CONCAT('authority only ', DATEDIFF(CURDATE(), c.add_date), ' days old') END,
        CASE WHEN ins.pending_cancellation = 1              THEN 'insurance cancellation pending' END,
        CASE WHEN ins.cargo_on_file = 0                     THEN 'no cargo insurance on file' END,
        CASE WHEN auth.has_broker_authority = 1 AND auth.has_carrier_authority = 1 THEN 'holds both carrier and broker authority (double-broker risk)' END,
        CASE WHEN activity.boc3_filings = 0                 THEN 'no BOC-3 process agent on file' END,
        CASE WHEN c.mcs150_date < CURDATE() - INTERVAL 24 MONTH THEN 'MCS-150 filing overdue' END,
        CASE WHEN activity.fatal_crashes > 0                THEN CONCAT(activity.fatal_crashes, ' fatal crash(es) on record') END
    )                                                                         AS verdict_reasons,

    -- ---- identity ----
    c.dot_number,
    auth.docket_numbers                                                       AS mc_numbers,
    c.legal_name,
    c.dba_name,
    CONCAT_WS(', ', c.phy_city, c.phy_state)                                  AS based_in,

    -- ---- authority ----
    auth.common_stat, auth.contract_stat, auth.broker_stat,
    d.status_code                                                             AS usdot_status,
    CASE c.carrier_operation
        WHEN 'A' THEN 'Interstate'
        WHEN 'B' THEN 'Intrastate Hazmat'
        WHEN 'C' THEN 'Intrastate Non-Hazmat'
        ELSE c.carrier_operation END                                          AS operation_type,
    c.add_date                                                                AS authority_granted,
    ROUND(DATEDIFF(CURDATE(), c.add_date) / 365.25, 1)                        AS years_active,
    COALESCE(orders.revocations_36mo, 0)                                      AS revocations_last_36mo,
    IF(COALESCE(orders.authority_order_count, 0) = 0 AND auth.has_active_authority = 1,
       'uninterrupted', 'interrupted')                                        AS authority_history,

    -- ---- insurance on file ----
    ins.bipd_on_file_k  * 1000                                                AS bipd_limit_usd,
    auth.bipd_required_k * 1000                                               AS bipd_required_usd,
    ins.cargo_on_file_k * 1000                                                AS cargo_limit_usd,
    bc.name_company                                                           AS bipd_insurer,
    bc.policy_no                                                              AS bipd_policy_no,
    bc.effective_date                                                         AS bipd_effective_date,
    bc.cancl_effective_date                                                   AS bipd_cancels_on,
    IF(ins.bipd_on_file_k IS NOT NULL, 'active', 'none on file')              AS bipd_state,
    COALESCE(ins.bond_on_file, 0)                                             AS surety_bond_on_file,
    COALESCE(ins.pending_cancellation, 0)                                     AS pending_cancellation,
    ins.cancels_on                                                            AS next_cancellation_date,

    -- ---- safety ----
    CASE d.safety_rating
        WHEN 'S' THEN 'Satisfactory'
        WHEN 'C' THEN 'Conditional'
        WHEN 'U' THEN 'Unsatisfactory'
        ELSE 'Not rated' END                                                  AS safety_rating,
    d.safety_rating_date,
    sms.insp_total                                                            AS inspections_total,
    ROUND(100 * sms.driver_oos_insp_total  / NULLIF(sms.driver_insp_total, 0), 1)  AS driver_oos_pct,
    ROUND(100 * sms.vehicle_oos_insp_total / NULLIF(sms.vehicle_insp_total, 0), 1) AS vehicle_oos_pct,
    ROUND(100 * b.natl_vehicle_oos, 1)                                        AS natl_vehicle_oos_pct,
    activity.inspections_12mo,
    activity.crashes_24mo,
    activity.fatal_crashes,

    -- ---- fleet ----
    c.nbr_power_unit                                                          AS power_units,
    c.driver_total                                                            AS drivers,

    -- ---- freshness (GR: every answer carries a stamp) ----
    GREATEST(COALESCE(c.updated_at, '1970-01-01'),
             COALESCE(d.updated_at, '1970-01-01'))                            AS fmcsa_synced_at
FROM carrier.carriers c
CROSS JOIN auth
CROSS JOIN ins
CROSS JOIN orders
CROSS JOIN oos
CROSS JOIN activity
CROSS JOIN benchmark b
LEFT JOIN bipd_current bc ON TRUE
LEFT JOIN carrier.carrier_details d ON d.dot_number = c.dot_number
LEFT JOIN carrier.sms_measures   sms ON sms.dot_number = c.dot_number
WHERE c.dot_number = @dot;

-- ===== A1b =====
SET @dot := 1749;

WITH f AS (
    SELECT
        c.dot_number,
        c.telephone, c.email_address, c.phy_street, c.phy_city, c.phy_state,
        c.add_date, c.mcs150_date,
        d.status_code, d.safety_rating, d.dun_bradstreet_no,
        sms.insp_total, sms.vehicle_insp_total, sms.vehicle_oos_insp_total,
        sms.unsafe_driv_ac, sms.hos_driv_ac, sms.driv_fit_ac, sms.contr_subst_ac, sms.veh_maint_ac,
        (SELECT MAX(a.common_stat='A' OR a.contract_stat='A' OR a.broker_stat='A')
           FROM carrier.carrier_authorities a WHERE a.dot_number = c.dot_number)   AS has_active_authority,
        (SELECT MAX(CAST(NULLIF(a.min_cov_amount,'') AS UNSIGNED))
           FROM carrier.carrier_authorities a WHERE a.dot_number = c.dot_number)   AS bipd_required_k,
        (SELECT COUNT(*) FROM carrier.carrier_oos_orders o
           WHERE o.dot_number = c.dot_number AND o.status = 'ACTIVE' AND o.rescind_date IS NULL) AS active_oos,
        (SELECT COUNT(*) FROM carrier.carrier_authority_orders o
           WHERE o.dot_number = c.dot_number
             AND o.order2_effective_date > CURDATE() - INTERVAL 36 MONTH)          AS revocations_36mo,
        (SELECT COUNT(*) FROM carrier.carrier_contacts x WHERE x.dot_number = c.dot_number) AS boc3,
        (SELECT COUNT(*) FROM carrier.inspections i
           WHERE i.dot_number = c.dot_number AND i.insp_date >= CURDATE() - INTERVAL 12 MONTH) AS insp_12mo,
        (SELECT COUNT(*) FROM carrier.crashes cr
           WHERE cr.dot_number = c.dot_number AND cr.fatalities > 0)               AS fatal_crashes,
        (SELECT COUNT(*) FROM carrier.carriers o
           WHERE o.telephone = c.telephone AND o.telephone <> '' AND o.dot_number <> c.dot_number) AS shared_phone,
        (SELECT COUNT(*) FROM carrier.carriers o
           WHERE o.email_address = c.email_address AND o.email_address <> '' AND o.dot_number <> c.dot_number) AS shared_email,
        (SELECT COUNT(*) FROM carrier.carriers o
           WHERE o.phy_state = c.phy_state AND o.phy_city = c.phy_city
             AND o.phy_street = c.phy_street AND o.dot_number <> c.dot_number)     AS shared_address,
        ce.authorized_for_hire,
        (SELECT MAX(CASE WHEN i.mod_col_1 LIKE 'BIPD%'
                          AND (i.cancl_effective_date IS NULL OR i.cancl_effective_date > CURDATE())
                    THEN i.max_cov_amount END)
           FROM carrier.actpendinsur_all_with_history i WHERE i.dot_int = c.dot_number) AS bipd_k,
        (SELECT MAX(i.mod_col_1 = 'CARGO'
                    AND (i.cancl_effective_date IS NULL OR i.cancl_effective_date > CURDATE()))
           FROM carrier.actpendinsur_all_with_history i WHERE i.dot_int = c.dot_number) AS cargo_live,
        (SELECT MAX(i.cancl_effective_date IS NOT NULL AND i.cancl_effective_date > CURDATE())
           FROM carrier.actpendinsur_all_with_history i WHERE i.dot_int = c.dot_number) AS pending_cancel,
        (SELECT AVG(vehicle_oos_insp_total / NULLIF(vehicle_insp_total,0))
           FROM carrier.sms_measures WHERE vehicle_insp_total >= 5)                AS natl_veh_oos
    FROM carrier.carriers c
    LEFT JOIN carrier.carrier_details d  ON d.dot_number  = c.dot_number
    LEFT JOIN carrier.carrier_census  ce ON ce.dot_number = c.dot_number
    LEFT JOIN carrier.sms_measures   sms ON sms.dot_number = c.dot_number
    WHERE c.dot_number = @dot
),
factors AS (
    SELECT 'authority'  AS category, 'Active USDOT registration'              AS factor, status_code = 'A' AS passed FROM f
    UNION ALL SELECT 'authority', 'Holds active operating authority',          has_active_authority = 1 FROM f
    UNION ALL SELECT 'authority', 'Authorized for hire',                       authorized_for_hire = 1 FROM f   -- NULL when the census file has no row yet
    UNION ALL SELECT 'authority', 'No federal out-of-service order',           active_oos = 0 FROM f
    UNION ALL SELECT 'authority', 'No revocations in last 36 months',          revocations_36mo = 0 FROM f
    UNION ALL SELECT 'authority', 'MCS-150 filing current (< 24 months)',      mcs150_date > CURDATE() - INTERVAL 24 MONTH FROM f
    UNION ALL SELECT 'authority', 'BOC-3 process agent on file',               boc3 > 0 FROM f
    UNION ALL SELECT 'insurance', 'Active BIPD insurance on file',             bipd_k IS NOT NULL FROM f
    UNION ALL SELECT 'insurance', 'Liability coverage meets federal minimum',  bipd_k >= bipd_required_k FROM f
    UNION ALL SELECT 'insurance', 'Cargo insurance on file',                   cargo_live = 1 FROM f
    UNION ALL SELECT 'insurance', 'No pending insurance cancellation',         COALESCE(pending_cancel, 0) = 0 FROM f
    UNION ALL SELECT 'safety',    'Safety rating not Unsatisfactory/Conditional',
                                  IF(safety_rating IS NULL OR safety_rating = '', NULL, safety_rating NOT IN ('U','C')) FROM f
    UNION ALL SELECT 'safety',    'No acute/critical violations',
                                  IF(insp_total IS NULL, NULL,
                                     COALESCE(unsafe_driv_ac,0) + COALESCE(hos_driv_ac,0) + COALESCE(driv_fit_ac,0)
                                   + COALESCE(contr_subst_ac,0) + COALESCE(veh_maint_ac,0) = 0) FROM f
    UNION ALL SELECT 'safety',    'No fatal crashes on record',                fatal_crashes = 0 FROM f
    UNION ALL SELECT 'safety',    'Vehicle OOS rate below industry average',
                                  IF(vehicle_insp_total >= 5,
                                     (vehicle_oos_insp_total / vehicle_insp_total) < natl_veh_oos, NULL) FROM f
    UNION ALL SELECT 'safety',    'Inspection activity in last 12 months',     insp_12mo > 0 FROM f
    UNION ALL SELECT 'identity',  'Phone unique to this carrier',
                                  IF(telephone IS NULL OR telephone = '', NULL, shared_phone = 0) FROM f
    UNION ALL SELECT 'identity',  'Email unique to this carrier',
                                  IF(email_address IS NULL OR email_address = '', NULL, shared_email = 0) FROM f
    UNION ALL SELECT 'identity',  'Address unique to this carrier',
                                  IF(CHAR_LENGTH(TRIM(COALESCE(phy_street,''))) <= 5, NULL, shared_address = 0) FROM f
    UNION ALL SELECT 'identity',  'Address verified as non-virtual',
                                  UPPER(COALESCE(phy_street,'')) NOT REGEXP
                                  'UPS STORE|REGUS|WEWORK|PMB |POSTAL ANNEX|MAIL BOXES ETC|MAILBOX|REGISTERED AGENT|VIRTUAL OFFICE|SUITE #' FROM f
)
SELECT
    category,
    factor,
    CASE passed WHEN 1 THEN 'pass' WHEN 0 THEN 'fail' ELSE 'monitoring' END AS state,
    -- the ""n/20"" line, carried on every row so one query answers both
    SUM(passed = 1)     OVER () AS factors_passed,
    SUM(passed = 0)     OVER () AS factors_failed,
    SUM(passed IS NULL) OVER () AS factors_monitoring,
    COUNT(*)            OVER () AS factors_total
FROM factors
ORDER BY FIELD(category, 'authority', 'insurance', 'safety', 'identity'),
         passed IS NULL, passed, factor;","SET NAMES utf8mb4 COLLATE utf8mb4_unicode_ci;

-- ===== A1c =====
SET @dot := 1749;
SET @company_id := 5;

SELECT
    sh.carrier_id                      AS dot_number,
    sh.dt_score,
    CASE
        WHEN sh.dt_score >= 80 THEN 'Low risk'
        WHEN sh.dt_score >= 60 THEN 'Moderate risk'
        WHEN sh.dt_score >= 40 THEN 'Elevated risk'
        ELSE 'High risk'
    END                                AS band,
    sh.updated_at                      AS scored_at,
    CONCAT(u.first_name, ' ', u.last_name) AS scored_by
FROM search_histories sh
JOIN users u ON u.id = sh.user_id
WHERE sh.carrier_id = @dot
  AND sh.company_id = @company_id     -- GR-6: tenant-wide, not per-user
ORDER BY sh.updated_at DESC
LIMIT 1;

-- A1c-weights — the weights that score was built from, for ""by your weights"".
SELECT authority, insurance_coi, safety_csa, inspection_vin, fraud_signals, payment_history
FROM scoring_weights
WHERE company_id = @company_id AND is_template = 0
ORDER BY id DESC
LIMIT 1;"
"3","A1","Is DOT 1749 good to use?","Booking-adjacent suitability question","Bare DOT number","@q='1749'; @dot=1749; @company_id","carrier + newbrokerapi","A0 + A1 + A1b + A1c","Never answered ""yes"". Answer ""No hard-stops. DT Score {n}. {top 2 risks}. Decision is yours."" (GR-2, GR-10). verdict + verdict_reasons carry the gate.","SET NAMES utf8mb4 COLLATE utf8mb4_0900_ai_ci;

-- ===== A0 =====
SET @q := 'MC246530';

SET @q_digits := REGEXP_REPLACE(@q, '[^0-9]', '');

SET @dot := (
    SELECT dot_number FROM (
        -- MC / FF / MX docket number
        SELECT a.dot_number, 1 AS rank_order
        FROM carrier.carrier_authorities a
        WHERE @q_digits <> ''
          AND a.docket_number IN (CONCAT('MC', @q_digits), CONCAT('FF', @q_digits), CONCAT('MX', @q_digits))

        UNION ALL

        -- Bare DOT number
        SELECT c.dot_number, 2
        FROM carrier.carriers c
        WHERE @q_digits <> '' AND c.dot_number = CAST(@q_digits AS UNSIGNED)

        UNION ALL

        -- Email address
        SELECT c.dot_number, 3
        FROM carrier.carriers c
        WHERE @q LIKE '%@%' AND c.email_address = @q

        UNION ALL

        -- Exact legal name / DBA
        SELECT c.dot_number, 4
        FROM carrier.carriers c
        WHERE @q NOT LIKE '%@%' AND @q_digits = ''
          AND (c.legal_name = @q OR c.dba_name = @q)
    ) m
    ORDER BY rank_order
    LIMIT 1
);

SELECT @dot AS resolved_dot;   -- NULL or >1 plausible match => fall through to A3

-- ===== A1 =====
SET @dot := 1749;

WITH auth AS (
    SELECT
        GROUP_CONCAT(DISTINCT a.docket_number ORDER BY a.docket_number SEPARATOR ', ') AS docket_numbers,
        MAX(a.common_stat)                                                     AS common_stat,
        MAX(a.contract_stat)                                                   AS contract_stat,
        MAX(a.broker_stat)                                                     AS broker_stat,
        MAX(a.common_stat = 'A' OR a.contract_stat = 'A' OR a.broker_stat = 'A') AS has_active_authority,
        MAX(a.broker_stat = 'A')                                               AS has_broker_authority,
        MAX(a.common_stat = 'A' OR a.contract_stat = 'A')                      AS has_carrier_authority,
        MAX(CAST(NULLIF(a.min_cov_amount, '') AS UNSIGNED))                    AS bipd_required_k
    FROM carrier.carrier_authorities a
    WHERE a.dot_number = @dot
),
-- Current coverage comes from the FMCSA ACTPENDINS file, not
-- insurance_filings: the latter is the *history* file (only ~6.4k of its 7.4M
-- rows are uncancelled), so reading it for ""insurance on file"" reports almost
-- every carrier as uninsured. actpendinsur_all_with_history is keyed on
-- dot_int (the integer DOT); mod_col_1 carries the coverage type.
filings AS (
    SELECT
        f.*,
        (f.mod_col_1 LIKE 'BIPD%')                                             AS is_bipd,
        (f.mod_col_1 = 'CARGO')                                                AS is_cargo,
        (f.mod_col_1 IN ('SURETY', 'TRUST FUND'))                              AS is_bond,
        (f.cancl_effective_date IS NULL OR f.cancl_effective_date > CURDATE())  AS is_live
    FROM carrier.actpendinsur_all_with_history f
    WHERE f.dot_int = @dot
),
ins AS (
    SELECT
        MAX(CASE WHEN is_bipd  AND is_live THEN max_cov_amount END)            AS bipd_on_file_k,
        MAX(CASE WHEN is_cargo AND is_live THEN max_cov_amount END)            AS cargo_on_file_k,
        MAX(is_cargo AND is_live)                                              AS cargo_on_file,
        MAX(is_bond  AND is_live)                                              AS bond_on_file,
        MAX(cancl_effective_date IS NOT NULL
            AND cancl_effective_date > CURDATE())                              AS pending_cancellation,
        MIN(CASE WHEN cancl_effective_date > CURDATE()
                 THEN cancl_effective_date END)                                AS cancels_on,
        COUNT(*)                                                               AS filing_count
    FROM filings
),
bipd_current AS (   -- the specific filing behind the limit above
    SELECT name_company, policy_no, effective_date, cancl_effective_date, max_cov_amount
    FROM filings
    WHERE is_bipd AND is_live
    ORDER BY max_cov_amount DESC, effective_date DESC
    LIMIT 1
),
orders AS (
    SELECT
        COUNT(*)                                                               AS authority_order_count,
        SUM(order2_effective_date > CURDATE() - INTERVAL 36 MONTH)             AS revocations_36mo
    FROM carrier.carrier_authority_orders
    WHERE dot_number = @dot
),
oos AS (
    SELECT
        SUM(status = 'ACTIVE' AND rescind_date IS NULL)                        AS active_oos_orders,
        MAX(CASE WHEN status = 'ACTIVE' AND rescind_date IS NULL THEN oos_reason END) AS active_oos_reason,
        MAX(CASE WHEN status = 'ACTIVE' AND rescind_date IS NULL THEN oos_date   END) AS active_oos_date
    FROM carrier.carrier_oos_orders
    WHERE dot_number = @dot
),
activity AS (
    SELECT
        (SELECT COUNT(*) FROM carrier.inspections
          WHERE dot_number = @dot AND insp_date >= CURDATE() - INTERVAL 12 MONTH) AS inspections_12mo,
        (SELECT COUNT(*) FROM carrier.crashes
          WHERE dot_number = @dot AND fatalities > 0)                             AS fatal_crashes,
        (SELECT COUNT(*) FROM carrier.crashes
          WHERE dot_number = @dot AND report_date >= CURDATE() - INTERVAL 24 MONTH) AS crashes_24mo,
        (SELECT COUNT(*) FROM carrier.carrier_contacts WHERE dot_number = @dot)   AS boc3_filings
),
benchmark AS (   -- national vehicle OOS rate, same definition CarrierRiskService caches
    -- ~2.7s of this query's ~3.4s: an unindexed scan of 690k sms_measures rows
    -- for a number that moves monthly. CarrierRiskService caches it for an
    -- hour; for interactive use substitute the cached value instead:
    --     SELECT 0.2494 AS natl_vehicle_oos
    SELECT AVG(vehicle_oos_insp_total / NULLIF(vehicle_insp_total, 0)) AS natl_vehicle_oos
    FROM carrier.sms_measures
    WHERE vehicle_insp_total >= 5
)
SELECT
    -- ---- verdict (GR-9: the gate is stated before anything else) ----
    CASE
        WHEN d.status_code <> 'A'                                    THEN 'HARD-STOP'
        WHEN auth.has_active_authority = 0                           THEN 'HARD-STOP'
        WHEN oos.active_oos_orders > 0                               THEN 'HARD-STOP'
        WHEN d.safety_rating IN ('U', 'C')                           THEN 'HARD-STOP'
        WHEN orders.revocations_36mo > 0                             THEN 'HARD-STOP'
        WHEN ins.bipd_on_file_k IS NULL                              THEN 'HARD-STOP'
        WHEN ins.bipd_on_file_k < auth.bipd_required_k               THEN 'HARD-STOP'
        WHEN DATEDIFF(CURDATE(), c.add_date) < 90                    THEN 'HARD-STOP'
        WHEN ins.pending_cancellation = 1                            THEN 'REVIEW'
        WHEN ins.cargo_on_file = 0                                   THEN 'REVIEW'
        WHEN auth.has_broker_authority = 1
             AND auth.has_carrier_authority = 1                      THEN 'REVIEW'
        WHEN activity.boc3_filings = 0                               THEN 'REVIEW'
        WHEN c.mcs150_date < CURDATE() - INTERVAL 24 MONTH           THEN 'REVIEW'
        WHEN activity.fatal_crashes > 0                              THEN 'REVIEW'
        ELSE 'PASS'
    END                                                                       AS verdict,
    CONCAT_WS('; ',
        CASE WHEN d.status_code <> 'A'                      THEN CONCAT('USDOT registration ', d.status_code) END,
        CASE WHEN auth.has_active_authority = 0             THEN 'no active operating authority' END,
        CASE WHEN oos.active_oos_orders > 0                 THEN CONCAT('federal out-of-service order ', oos.active_oos_date, ' (', oos.active_oos_reason, ')') END,
        CASE WHEN d.safety_rating IN ('U','C')              THEN CONCAT(IF(d.safety_rating='U','Unsatisfactory','Conditional'), ' safety rating') END,
        CASE WHEN orders.revocations_36mo > 0               THEN CONCAT(orders.revocations_36mo, ' revocation(s) in last 36 months') END,
        CASE WHEN ins.bipd_on_file_k IS NULL                THEN 'no active BIPD insurance on file' END,
        CASE WHEN ins.bipd_on_file_k < auth.bipd_required_k THEN 'liability coverage below federal minimum' END,
        CASE WHEN DATEDIFF(CURDATE(), c.add_date) < 90      THEN CONCAT('authority only ', DATEDIFF(CURDATE(), c.add_date), ' days old') END,
        CASE WHEN ins.pending_cancellation = 1              THEN 'insurance cancellation pending' END,
        CASE WHEN ins.cargo_on_file = 0                     THEN 'no cargo insurance on file' END,
        CASE WHEN auth.has_broker_authority = 1 AND auth.has_carrier_authority = 1 THEN 'holds both carrier and broker authority (double-broker risk)' END,
        CASE WHEN activity.boc3_filings = 0                 THEN 'no BOC-3 process agent on file' END,
        CASE WHEN c.mcs150_date < CURDATE() - INTERVAL 24 MONTH THEN 'MCS-150 filing overdue' END,
        CASE WHEN activity.fatal_crashes > 0                THEN CONCAT(activity.fatal_crashes, ' fatal crash(es) on record') END
    )                                                                         AS verdict_reasons,

    -- ---- identity ----
    c.dot_number,
    auth.docket_numbers                                                       AS mc_numbers,
    c.legal_name,
    c.dba_name,
    CONCAT_WS(', ', c.phy_city, c.phy_state)                                  AS based_in,

    -- ---- authority ----
    auth.common_stat, auth.contract_stat, auth.broker_stat,
    d.status_code                                                             AS usdot_status,
    CASE c.carrier_operation
        WHEN 'A' THEN 'Interstate'
        WHEN 'B' THEN 'Intrastate Hazmat'
        WHEN 'C' THEN 'Intrastate Non-Hazmat'
        ELSE c.carrier_operation END                                          AS operation_type,
    c.add_date                                                                AS authority_granted,
    ROUND(DATEDIFF(CURDATE(), c.add_date) / 365.25, 1)                        AS years_active,
    COALESCE(orders.revocations_36mo, 0)                                      AS revocations_last_36mo,
    IF(COALESCE(orders.authority_order_count, 0) = 0 AND auth.has_active_authority = 1,
       'uninterrupted', 'interrupted')                                        AS authority_history,

    -- ---- insurance on file ----
    ins.bipd_on_file_k  * 1000                                                AS bipd_limit_usd,
    auth.bipd_required_k * 1000                                               AS bipd_required_usd,
    ins.cargo_on_file_k * 1000                                                AS cargo_limit_usd,
    bc.name_company                                                           AS bipd_insurer,
    bc.policy_no                                                              AS bipd_policy_no,
    bc.effective_date                                                         AS bipd_effective_date,
    bc.cancl_effective_date                                                   AS bipd_cancels_on,
    IF(ins.bipd_on_file_k IS NOT NULL, 'active', 'none on file')              AS bipd_state,
    COALESCE(ins.bond_on_file, 0)                                             AS surety_bond_on_file,
    COALESCE(ins.pending_cancellation, 0)                                     AS pending_cancellation,
    ins.cancels_on                                                            AS next_cancellation_date,

    -- ---- safety ----
    CASE d.safety_rating
        WHEN 'S' THEN 'Satisfactory'
        WHEN 'C' THEN 'Conditional'
        WHEN 'U' THEN 'Unsatisfactory'
        ELSE 'Not rated' END                                                  AS safety_rating,
    d.safety_rating_date,
    sms.insp_total                                                            AS inspections_total,
    ROUND(100 * sms.driver_oos_insp_total  / NULLIF(sms.driver_insp_total, 0), 1)  AS driver_oos_pct,
    ROUND(100 * sms.vehicle_oos_insp_total / NULLIF(sms.vehicle_insp_total, 0), 1) AS vehicle_oos_pct,
    ROUND(100 * b.natl_vehicle_oos, 1)                                        AS natl_vehicle_oos_pct,
    activity.inspections_12mo,
    activity.crashes_24mo,
    activity.fatal_crashes,

    -- ---- fleet ----
    c.nbr_power_unit                                                          AS power_units,
    c.driver_total                                                            AS drivers,

    -- ---- freshness (GR: every answer carries a stamp) ----
    GREATEST(COALESCE(c.updated_at, '1970-01-01'),
             COALESCE(d.updated_at, '1970-01-01'))                            AS fmcsa_synced_at
FROM carrier.carriers c
CROSS JOIN auth
CROSS JOIN ins
CROSS JOIN orders
CROSS JOIN oos
CROSS JOIN activity
CROSS JOIN benchmark b
LEFT JOIN bipd_current bc ON TRUE
LEFT JOIN carrier.carrier_details d ON d.dot_number = c.dot_number
LEFT JOIN carrier.sms_measures   sms ON sms.dot_number = c.dot_number
WHERE c.dot_number = @dot;

-- ===== A1b =====
SET @dot := 1749;

WITH f AS (
    SELECT
        c.dot_number,
        c.telephone, c.email_address, c.phy_street, c.phy_city, c.phy_state,
        c.add_date, c.mcs150_date,
        d.status_code, d.safety_rating, d.dun_bradstreet_no,
        sms.insp_total, sms.vehicle_insp_total, sms.vehicle_oos_insp_total,
        sms.unsafe_driv_ac, sms.hos_driv_ac, sms.driv_fit_ac, sms.contr_subst_ac, sms.veh_maint_ac,
        (SELECT MAX(a.common_stat='A' OR a.contract_stat='A' OR a.broker_stat='A')
           FROM carrier.carrier_authorities a WHERE a.dot_number = c.dot_number)   AS has_active_authority,
        (SELECT MAX(CAST(NULLIF(a.min_cov_amount,'') AS UNSIGNED))
           FROM carrier.carrier_authorities a WHERE a.dot_number = c.dot_number)   AS bipd_required_k,
        (SELECT COUNT(*) FROM carrier.carrier_oos_orders o
           WHERE o.dot_number = c.dot_number AND o.status = 'ACTIVE' AND o.rescind_date IS NULL) AS active_oos,
        (SELECT COUNT(*) FROM carrier.carrier_authority_orders o
           WHERE o.dot_number = c.dot_number
             AND o.order2_effective_date > CURDATE() - INTERVAL 36 MONTH)          AS revocations_36mo,
        (SELECT COUNT(*) FROM carrier.carrier_contacts x WHERE x.dot_number = c.dot_number) AS boc3,
        (SELECT COUNT(*) FROM carrier.inspections i
           WHERE i.dot_number = c.dot_number AND i.insp_date >= CURDATE() - INTERVAL 12 MONTH) AS insp_12mo,
        (SELECT COUNT(*) FROM carrier.crashes cr
           WHERE cr.dot_number = c.dot_number AND cr.fatalities > 0)               AS fatal_crashes,
        (SELECT COUNT(*) FROM carrier.carriers o
           WHERE o.telephone = c.telephone AND o.telephone <> '' AND o.dot_number <> c.dot_number) AS shared_phone,
        (SELECT COUNT(*) FROM carrier.carriers o
           WHERE o.email_address = c.email_address AND o.email_address <> '' AND o.dot_number <> c.dot_number) AS shared_email,
        (SELECT COUNT(*) FROM carrier.carriers o
           WHERE o.phy_state = c.phy_state AND o.phy_city = c.phy_city
             AND o.phy_street = c.phy_street AND o.dot_number <> c.dot_number)     AS shared_address,
        ce.authorized_for_hire,
        (SELECT MAX(CASE WHEN i.mod_col_1 LIKE 'BIPD%'
                          AND (i.cancl_effective_date IS NULL OR i.cancl_effective_date > CURDATE())
                    THEN i.max_cov_amount END)
           FROM carrier.actpendinsur_all_with_history i WHERE i.dot_int = c.dot_number) AS bipd_k,
        (SELECT MAX(i.mod_col_1 = 'CARGO'
                    AND (i.cancl_effective_date IS NULL OR i.cancl_effective_date > CURDATE()))
           FROM carrier.actpendinsur_all_with_history i WHERE i.dot_int = c.dot_number) AS cargo_live,
        (SELECT MAX(i.cancl_effective_date IS NOT NULL AND i.cancl_effective_date > CURDATE())
           FROM carrier.actpendinsur_all_with_history i WHERE i.dot_int = c.dot_number) AS pending_cancel,
        (SELECT AVG(vehicle_oos_insp_total / NULLIF(vehicle_insp_total,0))
           FROM carrier.sms_measures WHERE vehicle_insp_total >= 5)                AS natl_veh_oos
    FROM carrier.carriers c
    LEFT JOIN carrier.carrier_details d  ON d.dot_number  = c.dot_number
    LEFT JOIN carrier.carrier_census  ce ON ce.dot_number = c.dot_number
    LEFT JOIN carrier.sms_measures   sms ON sms.dot_number = c.dot_number
    WHERE c.dot_number = @dot
),
factors AS (
    SELECT 'authority'  AS category, 'Active USDOT registration'              AS factor, status_code = 'A' AS passed FROM f
    UNION ALL SELECT 'authority', 'Holds active operating authority',          has_active_authority = 1 FROM f
    UNION ALL SELECT 'authority', 'Authorized for hire',                       authorized_for_hire = 1 FROM f   -- NULL when the census file has no row yet
    UNION ALL SELECT 'authority', 'No federal out-of-service order',           active_oos = 0 FROM f
    UNION ALL SELECT 'authority', 'No revocations in last 36 months',          revocations_36mo = 0 FROM f
    UNION ALL SELECT 'authority', 'MCS-150 filing current (< 24 months)',      mcs150_date > CURDATE() - INTERVAL 24 MONTH FROM f
    UNION ALL SELECT 'authority', 'BOC-3 process agent on file',               boc3 > 0 FROM f
    UNION ALL SELECT 'insurance', 'Active BIPD insurance on file',             bipd_k IS NOT NULL FROM f
    UNION ALL SELECT 'insurance', 'Liability coverage meets federal minimum',  bipd_k >= bipd_required_k FROM f
    UNION ALL SELECT 'insurance', 'Cargo insurance on file',                   cargo_live = 1 FROM f
    UNION ALL SELECT 'insurance', 'No pending insurance cancellation',         COALESCE(pending_cancel, 0) = 0 FROM f
    UNION ALL SELECT 'safety',    'Safety rating not Unsatisfactory/Conditional',
                                  IF(safety_rating IS NULL OR safety_rating = '', NULL, safety_rating NOT IN ('U','C')) FROM f
    UNION ALL SELECT 'safety',    'No acute/critical violations',
                                  IF(insp_total IS NULL, NULL,
                                     COALESCE(unsafe_driv_ac,0) + COALESCE(hos_driv_ac,0) + COALESCE(driv_fit_ac,0)
                                   + COALESCE(contr_subst_ac,0) + COALESCE(veh_maint_ac,0) = 0) FROM f
    UNION ALL SELECT 'safety',    'No fatal crashes on record',                fatal_crashes = 0 FROM f
    UNION ALL SELECT 'safety',    'Vehicle OOS rate below industry average',
                                  IF(vehicle_insp_total >= 5,
                                     (vehicle_oos_insp_total / vehicle_insp_total) < natl_veh_oos, NULL) FROM f
    UNION ALL SELECT 'safety',    'Inspection activity in last 12 months',     insp_12mo > 0 FROM f
    UNION ALL SELECT 'identity',  'Phone unique to this carrier',
                                  IF(telephone IS NULL OR telephone = '', NULL, shared_phone = 0) FROM f
    UNION ALL SELECT 'identity',  'Email unique to this carrier',
                                  IF(email_address IS NULL OR email_address = '', NULL, shared_email = 0) FROM f
    UNION ALL SELECT 'identity',  'Address unique to this carrier',
                                  IF(CHAR_LENGTH(TRIM(COALESCE(phy_street,''))) <= 5, NULL, shared_address = 0) FROM f
    UNION ALL SELECT 'identity',  'Address verified as non-virtual',
                                  UPPER(COALESCE(phy_street,'')) NOT REGEXP
                                  'UPS STORE|REGUS|WEWORK|PMB |POSTAL ANNEX|MAIL BOXES ETC|MAILBOX|REGISTERED AGENT|VIRTUAL OFFICE|SUITE #' FROM f
)
SELECT
    category,
    factor,
    CASE passed WHEN 1 THEN 'pass' WHEN 0 THEN 'fail' ELSE 'monitoring' END AS state,
    -- the ""n/20"" line, carried on every row so one query answers both
    SUM(passed = 1)     OVER () AS factors_passed,
    SUM(passed = 0)     OVER () AS factors_failed,
    SUM(passed IS NULL) OVER () AS factors_monitoring,
    COUNT(*)            OVER () AS factors_total
FROM factors
ORDER BY FIELD(category, 'authority', 'insurance', 'safety', 'identity'),
         passed IS NULL, passed, factor;","SET NAMES utf8mb4 COLLATE utf8mb4_unicode_ci;

-- ===== A1c =====
SET @dot := 1749;
SET @company_id := 5;

SELECT
    sh.carrier_id                      AS dot_number,
    sh.dt_score,
    CASE
        WHEN sh.dt_score >= 80 THEN 'Low risk'
        WHEN sh.dt_score >= 60 THEN 'Moderate risk'
        WHEN sh.dt_score >= 40 THEN 'Elevated risk'
        ELSE 'High risk'
    END                                AS band,
    sh.updated_at                      AS scored_at,
    CONCAT(u.first_name, ' ', u.last_name) AS scored_by
FROM search_histories sh
JOIN users u ON u.id = sh.user_id
WHERE sh.carrier_id = @dot
  AND sh.company_id = @company_id     -- GR-6: tenant-wide, not per-user
ORDER BY sh.updated_at DESC
LIMIT 1;

-- A1c-weights — the weights that score was built from, for ""by your weights"".
SELECT authority, insurance_coi, safety_csa, inspection_vin, fraud_signals, payment_history
FROM scoring_weights
WHERE company_id = @company_id AND is_template = 0
ORDER BY id DESC
LIMIT 1;"
"4","A1","Check sandriano16@gmail.com","Full vet, entity named by email","Email -> DOT (A0 email branch)","@q='sandriano16@gmail.com'; @dot; @company_id","carrier + newbrokerapi","A0 + A1 + A1b + A1c","A0 resolves the email to a DOT. If the email is shared across carriers, A2 ""Shared email"" flags it and the answer must say so before the vet.","SET NAMES utf8mb4 COLLATE utf8mb4_0900_ai_ci;

-- ===== A0 =====
SET @q := 'MC246530';

SET @q_digits := REGEXP_REPLACE(@q, '[^0-9]', '');

SET @dot := (
    SELECT dot_number FROM (
        -- MC / FF / MX docket number
        SELECT a.dot_number, 1 AS rank_order
        FROM carrier.carrier_authorities a
        WHERE @q_digits <> ''
          AND a.docket_number IN (CONCAT('MC', @q_digits), CONCAT('FF', @q_digits), CONCAT('MX', @q_digits))

        UNION ALL

        -- Bare DOT number
        SELECT c.dot_number, 2
        FROM carrier.carriers c
        WHERE @q_digits <> '' AND c.dot_number = CAST(@q_digits AS UNSIGNED)

        UNION ALL

        -- Email address
        SELECT c.dot_number, 3
        FROM carrier.carriers c
        WHERE @q LIKE '%@%' AND c.email_address = @q

        UNION ALL

        -- Exact legal name / DBA
        SELECT c.dot_number, 4
        FROM carrier.carriers c
        WHERE @q NOT LIKE '%@%' AND @q_digits = ''
          AND (c.legal_name = @q OR c.dba_name = @q)
    ) m
    ORDER BY rank_order
    LIMIT 1
);

SELECT @dot AS resolved_dot;   -- NULL or >1 plausible match => fall through to A3

-- ===== A1 =====
SET @dot := 1749;

WITH auth AS (
    SELECT
        GROUP_CONCAT(DISTINCT a.docket_number ORDER BY a.docket_number SEPARATOR ', ') AS docket_numbers,
        MAX(a.common_stat)                                                     AS common_stat,
        MAX(a.contract_stat)                                                   AS contract_stat,
        MAX(a.broker_stat)                                                     AS broker_stat,
        MAX(a.common_stat = 'A' OR a.contract_stat = 'A' OR a.broker_stat = 'A') AS has_active_authority,
        MAX(a.broker_stat = 'A')                                               AS has_broker_authority,
        MAX(a.common_stat = 'A' OR a.contract_stat = 'A')                      AS has_carrier_authority,
        MAX(CAST(NULLIF(a.min_cov_amount, '') AS UNSIGNED))                    AS bipd_required_k
    FROM carrier.carrier_authorities a
    WHERE a.dot_number = @dot
),
-- Current coverage comes from the FMCSA ACTPENDINS file, not
-- insurance_filings: the latter is the *history* file (only ~6.4k of its 7.4M
-- rows are uncancelled), so reading it for ""insurance on file"" reports almost
-- every carrier as uninsured. actpendinsur_all_with_history is keyed on
-- dot_int (the integer DOT); mod_col_1 carries the coverage type.
filings AS (
    SELECT
        f.*,
        (f.mod_col_1 LIKE 'BIPD%')                                             AS is_bipd,
        (f.mod_col_1 = 'CARGO')                                                AS is_cargo,
        (f.mod_col_1 IN ('SURETY', 'TRUST FUND'))                              AS is_bond,
        (f.cancl_effective_date IS NULL OR f.cancl_effective_date > CURDATE())  AS is_live
    FROM carrier.actpendinsur_all_with_history f
    WHERE f.dot_int = @dot
),
ins AS (
    SELECT
        MAX(CASE WHEN is_bipd  AND is_live THEN max_cov_amount END)            AS bipd_on_file_k,
        MAX(CASE WHEN is_cargo AND is_live THEN max_cov_amount END)            AS cargo_on_file_k,
        MAX(is_cargo AND is_live)                                              AS cargo_on_file,
        MAX(is_bond  AND is_live)                                              AS bond_on_file,
        MAX(cancl_effective_date IS NOT NULL
            AND cancl_effective_date > CURDATE())                              AS pending_cancellation,
        MIN(CASE WHEN cancl_effective_date > CURDATE()
                 THEN cancl_effective_date END)                                AS cancels_on,
        COUNT(*)                                                               AS filing_count
    FROM filings
),
bipd_current AS (   -- the specific filing behind the limit above
    SELECT name_company, policy_no, effective_date, cancl_effective_date, max_cov_amount
    FROM filings
    WHERE is_bipd AND is_live
    ORDER BY max_cov_amount DESC, effective_date DESC
    LIMIT 1
),
orders AS (
    SELECT
        COUNT(*)                                                               AS authority_order_count,
        SUM(order2_effective_date > CURDATE() - INTERVAL 36 MONTH)             AS revocations_36mo
    FROM carrier.carrier_authority_orders
    WHERE dot_number = @dot
),
oos AS (
    SELECT
        SUM(status = 'ACTIVE' AND rescind_date IS NULL)                        AS active_oos_orders,
        MAX(CASE WHEN status = 'ACTIVE' AND rescind_date IS NULL THEN oos_reason END) AS active_oos_reason,
        MAX(CASE WHEN status = 'ACTIVE' AND rescind_date IS NULL THEN oos_date   END) AS active_oos_date
    FROM carrier.carrier_oos_orders
    WHERE dot_number = @dot
),
activity AS (
    SELECT
        (SELECT COUNT(*) FROM carrier.inspections
          WHERE dot_number = @dot AND insp_date >= CURDATE() - INTERVAL 12 MONTH) AS inspections_12mo,
        (SELECT COUNT(*) FROM carrier.crashes
          WHERE dot_number = @dot AND fatalities > 0)                             AS fatal_crashes,
        (SELECT COUNT(*) FROM carrier.crashes
          WHERE dot_number = @dot AND report_date >= CURDATE() - INTERVAL 24 MONTH) AS crashes_24mo,
        (SELECT COUNT(*) FROM carrier.carrier_contacts WHERE dot_number = @dot)   AS boc3_filings
),
benchmark AS (   -- national vehicle OOS rate, same definition CarrierRiskService caches
    -- ~2.7s of this query's ~3.4s: an unindexed scan of 690k sms_measures rows
    -- for a number that moves monthly. CarrierRiskService caches it for an
    -- hour; for interactive use substitute the cached value instead:
    --     SELECT 0.2494 AS natl_vehicle_oos
    SELECT AVG(vehicle_oos_insp_total / NULLIF(vehicle_insp_total, 0)) AS natl_vehicle_oos
    FROM carrier.sms_measures
    WHERE vehicle_insp_total >= 5
)
SELECT
    -- ---- verdict (GR-9: the gate is stated before anything else) ----
    CASE
        WHEN d.status_code <> 'A'                                    THEN 'HARD-STOP'
        WHEN auth.has_active_authority = 0                           THEN 'HARD-STOP'
        WHEN oos.active_oos_orders > 0                               THEN 'HARD-STOP'
        WHEN d.safety_rating IN ('U', 'C')                           THEN 'HARD-STOP'
        WHEN orders.revocations_36mo > 0                             THEN 'HARD-STOP'
        WHEN ins.bipd_on_file_k IS NULL                              THEN 'HARD-STOP'
        WHEN ins.bipd_on_file_k < auth.bipd_required_k               THEN 'HARD-STOP'
        WHEN DATEDIFF(CURDATE(), c.add_date) < 90                    THEN 'HARD-STOP'
        WHEN ins.pending_cancellation = 1                            THEN 'REVIEW'
        WHEN ins.cargo_on_file = 0                                   THEN 'REVIEW'
        WHEN auth.has_broker_authority = 1
             AND auth.has_carrier_authority = 1                      THEN 'REVIEW'
        WHEN activity.boc3_filings = 0                               THEN 'REVIEW'
        WHEN c.mcs150_date < CURDATE() - INTERVAL 24 MONTH           THEN 'REVIEW'
        WHEN activity.fatal_crashes > 0                              THEN 'REVIEW'
        ELSE 'PASS'
    END                                                                       AS verdict,
    CONCAT_WS('; ',
        CASE WHEN d.status_code <> 'A'                      THEN CONCAT('USDOT registration ', d.status_code) END,
        CASE WHEN auth.has_active_authority = 0             THEN 'no active operating authority' END,
        CASE WHEN oos.active_oos_orders > 0                 THEN CONCAT('federal out-of-service order ', oos.active_oos_date, ' (', oos.active_oos_reason, ')') END,
        CASE WHEN d.safety_rating IN ('U','C')              THEN CONCAT(IF(d.safety_rating='U','Unsatisfactory','Conditional'), ' safety rating') END,
        CASE WHEN orders.revocations_36mo > 0               THEN CONCAT(orders.revocations_36mo, ' revocation(s) in last 36 months') END,
        CASE WHEN ins.bipd_on_file_k IS NULL                THEN 'no active BIPD insurance on file' END,
        CASE WHEN ins.bipd_on_file_k < auth.bipd_required_k THEN 'liability coverage below federal minimum' END,
        CASE WHEN DATEDIFF(CURDATE(), c.add_date) < 90      THEN CONCAT('authority only ', DATEDIFF(CURDATE(), c.add_date), ' days old') END,
        CASE WHEN ins.pending_cancellation = 1              THEN 'insurance cancellation pending' END,
        CASE WHEN ins.cargo_on_file = 0                     THEN 'no cargo insurance on file' END,
        CASE WHEN auth.has_broker_authority = 1 AND auth.has_carrier_authority = 1 THEN 'holds both carrier and broker authority (double-broker risk)' END,
        CASE WHEN activity.boc3_filings = 0                 THEN 'no BOC-3 process agent on file' END,
        CASE WHEN c.mcs150_date < CURDATE() - INTERVAL 24 MONTH THEN 'MCS-150 filing overdue' END,
        CASE WHEN activity.fatal_crashes > 0                THEN CONCAT(activity.fatal_crashes, ' fatal crash(es) on record') END
    )                                                                         AS verdict_reasons,

    -- ---- identity ----
    c.dot_number,
    auth.docket_numbers                                                       AS mc_numbers,
    c.legal_name,
    c.dba_name,
    CONCAT_WS(', ', c.phy_city, c.phy_state)                                  AS based_in,

    -- ---- authority ----
    auth.common_stat, auth.contract_stat, auth.broker_stat,
    d.status_code                                                             AS usdot_status,
    CASE c.carrier_operation
        WHEN 'A' THEN 'Interstate'
        WHEN 'B' THEN 'Intrastate Hazmat'
        WHEN 'C' THEN 'Intrastate Non-Hazmat'
        ELSE c.carrier_operation END                                          AS operation_type,
    c.add_date                                                                AS authority_granted,
    ROUND(DATEDIFF(CURDATE(), c.add_date) / 365.25, 1)                        AS years_active,
    COALESCE(orders.revocations_36mo, 0)                                      AS revocations_last_36mo,
    IF(COALESCE(orders.authority_order_count, 0) = 0 AND auth.has_active_authority = 1,
       'uninterrupted', 'interrupted')                                        AS authority_history,

    -- ---- insurance on file ----
    ins.bipd_on_file_k  * 1000                                                AS bipd_limit_usd,
    auth.bipd_required_k * 1000                                               AS bipd_required_usd,
    ins.cargo_on_file_k * 1000                                                AS cargo_limit_usd,
    bc.name_company                                                           AS bipd_insurer,
    bc.policy_no                                                              AS bipd_policy_no,
    bc.effective_date                                                         AS bipd_effective_date,
    bc.cancl_effective_date                                                   AS bipd_cancels_on,
    IF(ins.bipd_on_file_k IS NOT NULL, 'active', 'none on file')              AS bipd_state,
    COALESCE(ins.bond_on_file, 0)                                             AS surety_bond_on_file,
    COALESCE(ins.pending_cancellation, 0)                                     AS pending_cancellation,
    ins.cancels_on                                                            AS next_cancellation_date,

    -- ---- safety ----
    CASE d.safety_rating
        WHEN 'S' THEN 'Satisfactory'
        WHEN 'C' THEN 'Conditional'
        WHEN 'U' THEN 'Unsatisfactory'
        ELSE 'Not rated' END                                                  AS safety_rating,
    d.safety_rating_date,
    sms.insp_total                                                            AS inspections_total,
    ROUND(100 * sms.driver_oos_insp_total  / NULLIF(sms.driver_insp_total, 0), 1)  AS driver_oos_pct,
    ROUND(100 * sms.vehicle_oos_insp_total / NULLIF(sms.vehicle_insp_total, 0), 1) AS vehicle_oos_pct,
    ROUND(100 * b.natl_vehicle_oos, 1)                                        AS natl_vehicle_oos_pct,
    activity.inspections_12mo,
    activity.crashes_24mo,
    activity.fatal_crashes,

    -- ---- fleet ----
    c.nbr_power_unit                                                          AS power_units,
    c.driver_total                                                            AS drivers,

    -- ---- freshness (GR: every answer carries a stamp) ----
    GREATEST(COALESCE(c.updated_at, '1970-01-01'),
             COALESCE(d.updated_at, '1970-01-01'))                            AS fmcsa_synced_at
FROM carrier.carriers c
CROSS JOIN auth
CROSS JOIN ins
CROSS JOIN orders
CROSS JOIN oos
CROSS JOIN activity
CROSS JOIN benchmark b
LEFT JOIN bipd_current bc ON TRUE
LEFT JOIN carrier.carrier_details d ON d.dot_number = c.dot_number
LEFT JOIN carrier.sms_measures   sms ON sms.dot_number = c.dot_number
WHERE c.dot_number = @dot;

-- ===== A1b =====
SET @dot := 1749;

WITH f AS (
    SELECT
        c.dot_number,
        c.telephone, c.email_address, c.phy_street, c.phy_city, c.phy_state,
        c.add_date, c.mcs150_date,
        d.status_code, d.safety_rating, d.dun_bradstreet_no,
        sms.insp_total, sms.vehicle_insp_total, sms.vehicle_oos_insp_total,
        sms.unsafe_driv_ac, sms.hos_driv_ac, sms.driv_fit_ac, sms.contr_subst_ac, sms.veh_maint_ac,
        (SELECT MAX(a.common_stat='A' OR a.contract_stat='A' OR a.broker_stat='A')
           FROM carrier.carrier_authorities a WHERE a.dot_number = c.dot_number)   AS has_active_authority,
        (SELECT MAX(CAST(NULLIF(a.min_cov_amount,'') AS UNSIGNED))
           FROM carrier.carrier_authorities a WHERE a.dot_number = c.dot_number)   AS bipd_required_k,
        (SELECT COUNT(*) FROM carrier.carrier_oos_orders o
           WHERE o.dot_number = c.dot_number AND o.status = 'ACTIVE' AND o.rescind_date IS NULL) AS active_oos,
        (SELECT COUNT(*) FROM carrier.carrier_authority_orders o
           WHERE o.dot_number = c.dot_number
             AND o.order2_effective_date > CURDATE() - INTERVAL 36 MONTH)          AS revocations_36mo,
        (SELECT COUNT(*) FROM carrier.carrier_contacts x WHERE x.dot_number = c.dot_number) AS boc3,
        (SELECT COUNT(*) FROM carrier.inspections i
           WHERE i.dot_number = c.dot_number AND i.insp_date >= CURDATE() - INTERVAL 12 MONTH) AS insp_12mo,
        (SELECT COUNT(*) FROM carrier.crashes cr
           WHERE cr.dot_number = c.dot_number AND cr.fatalities > 0)               AS fatal_crashes,
        (SELECT COUNT(*) FROM carrier.carriers o
           WHERE o.telephone = c.telephone AND o.telephone <> '' AND o.dot_number <> c.dot_number) AS shared_phone,
        (SELECT COUNT(*) FROM carrier.carriers o
           WHERE o.email_address = c.email_address AND o.email_address <> '' AND o.dot_number <> c.dot_number) AS shared_email,
        (SELECT COUNT(*) FROM carrier.carriers o
           WHERE o.phy_state = c.phy_state AND o.phy_city = c.phy_city
             AND o.phy_street = c.phy_street AND o.dot_number <> c.dot_number)     AS shared_address,
        ce.authorized_for_hire,
        (SELECT MAX(CASE WHEN i.mod_col_1 LIKE 'BIPD%'
                          AND (i.cancl_effective_date IS NULL OR i.cancl_effective_date > CURDATE())
                    THEN i.max_cov_amount END)
           FROM carrier.actpendinsur_all_with_history i WHERE i.dot_int = c.dot_number) AS bipd_k,
        (SELECT MAX(i.mod_col_1 = 'CARGO'
                    AND (i.cancl_effective_date IS NULL OR i.cancl_effective_date > CURDATE()))
           FROM carrier.actpendinsur_all_with_history i WHERE i.dot_int = c.dot_number) AS cargo_live,
        (SELECT MAX(i.cancl_effective_date IS NOT NULL AND i.cancl_effective_date > CURDATE())
           FROM carrier.actpendinsur_all_with_history i WHERE i.dot_int = c.dot_number) AS pending_cancel,
        (SELECT AVG(vehicle_oos_insp_total / NULLIF(vehicle_insp_total,0))
           FROM carrier.sms_measures WHERE vehicle_insp_total >= 5)                AS natl_veh_oos
    FROM carrier.carriers c
    LEFT JOIN carrier.carrier_details d  ON d.dot_number  = c.dot_number
    LEFT JOIN carrier.carrier_census  ce ON ce.dot_number = c.dot_number
    LEFT JOIN carrier.sms_measures   sms ON sms.dot_number = c.dot_number
    WHERE c.dot_number = @dot
),
factors AS (
    SELECT 'authority'  AS category, 'Active USDOT registration'              AS factor, status_code = 'A' AS passed FROM f
    UNION ALL SELECT 'authority', 'Holds active operating authority',          has_active_authority = 1 FROM f
    UNION ALL SELECT 'authority', 'Authorized for hire',                       authorized_for_hire = 1 FROM f   -- NULL when the census file has no row yet
    UNION ALL SELECT 'authority', 'No federal out-of-service order',           active_oos = 0 FROM f
    UNION ALL SELECT 'authority', 'No revocations in last 36 months',          revocations_36mo = 0 FROM f
    UNION ALL SELECT 'authority', 'MCS-150 filing current (< 24 months)',      mcs150_date > CURDATE() - INTERVAL 24 MONTH FROM f
    UNION ALL SELECT 'authority', 'BOC-3 process agent on file',               boc3 > 0 FROM f
    UNION ALL SELECT 'insurance', 'Active BIPD insurance on file',             bipd_k IS NOT NULL FROM f
    UNION ALL SELECT 'insurance', 'Liability coverage meets federal minimum',  bipd_k >= bipd_required_k FROM f
    UNION ALL SELECT 'insurance', 'Cargo insurance on file',                   cargo_live = 1 FROM f
    UNION ALL SELECT 'insurance', 'No pending insurance cancellation',         COALESCE(pending_cancel, 0) = 0 FROM f
    UNION ALL SELECT 'safety',    'Safety rating not Unsatisfactory/Conditional',
                                  IF(safety_rating IS NULL OR safety_rating = '', NULL, safety_rating NOT IN ('U','C')) FROM f
    UNION ALL SELECT 'safety',    'No acute/critical violations',
                                  IF(insp_total IS NULL, NULL,
                                     COALESCE(unsafe_driv_ac,0) + COALESCE(hos_driv_ac,0) + COALESCE(driv_fit_ac,0)
                                   + COALESCE(contr_subst_ac,0) + COALESCE(veh_maint_ac,0) = 0) FROM f
    UNION ALL SELECT 'safety',    'No fatal crashes on record',                fatal_crashes = 0 FROM f
    UNION ALL SELECT 'safety',    'Vehicle OOS rate below industry average',
                                  IF(vehicle_insp_total >= 5,
                                     (vehicle_oos_insp_total / vehicle_insp_total) < natl_veh_oos, NULL) FROM f
    UNION ALL SELECT 'safety',    'Inspection activity in last 12 months',     insp_12mo > 0 FROM f
    UNION ALL SELECT 'identity',  'Phone unique to this carrier',
                                  IF(telephone IS NULL OR telephone = '', NULL, shared_phone = 0) FROM f
    UNION ALL SELECT 'identity',  'Email unique to this carrier',
                                  IF(email_address IS NULL OR email_address = '', NULL, shared_email = 0) FROM f
    UNION ALL SELECT 'identity',  'Address unique to this carrier',
                                  IF(CHAR_LENGTH(TRIM(COALESCE(phy_street,''))) <= 5, NULL, shared_address = 0) FROM f
    UNION ALL SELECT 'identity',  'Address verified as non-virtual',
                                  UPPER(COALESCE(phy_street,'')) NOT REGEXP
                                  'UPS STORE|REGUS|WEWORK|PMB |POSTAL ANNEX|MAIL BOXES ETC|MAILBOX|REGISTERED AGENT|VIRTUAL OFFICE|SUITE #' FROM f
)
SELECT
    category,
    factor,
    CASE passed WHEN 1 THEN 'pass' WHEN 0 THEN 'fail' ELSE 'monitoring' END AS state,
    -- the ""n/20"" line, carried on every row so one query answers both
    SUM(passed = 1)     OVER () AS factors_passed,
    SUM(passed = 0)     OVER () AS factors_failed,
    SUM(passed IS NULL) OVER () AS factors_monitoring,
    COUNT(*)            OVER () AS factors_total
FROM factors
ORDER BY FIELD(category, 'authority', 'insurance', 'safety', 'identity'),
         passed IS NULL, passed, factor;","SET NAMES utf8mb4 COLLATE utf8mb4_unicode_ci;

-- ===== A1c =====
SET @dot := 1749;
SET @company_id := 5;

SELECT
    sh.carrier_id                      AS dot_number,
    sh.dt_score,
    CASE
        WHEN sh.dt_score >= 80 THEN 'Low risk'
        WHEN sh.dt_score >= 60 THEN 'Moderate risk'
        WHEN sh.dt_score >= 40 THEN 'Elevated risk'
        ELSE 'High risk'
    END                                AS band,
    sh.updated_at                      AS scored_at,
    CONCAT(u.first_name, ' ', u.last_name) AS scored_by
FROM search_histories sh
JOIN users u ON u.id = sh.user_id
WHERE sh.carrier_id = @dot
  AND sh.company_id = @company_id     -- GR-6: tenant-wide, not per-user
ORDER BY sh.updated_at DESC
LIMIT 1;

-- A1c-weights — the weights that score was built from, for ""by your weights"".
SELECT authority, insurance_coi, safety_csa, inspection_vin, fraud_signals, payment_history
FROM scoring_weights
WHERE company_id = @company_id AND is_template = 0
ORDER BY id DESC
LIMIT 1;"
"5","A1","Can I put a load on MC146672?","Booking-adjacent suitability question","MC docket number -> DOT","@q='MC146672'; @dot; @company_id","carrier + newbrokerapi","A0 + A1 + A1b + A1c","Lead with the gate (GR-9). If verdict = HARD-STOP: ""HARD-STOP — do not book. {name} (MC/DOT): {verdict_reasons}. DT Score {n}. Auto-blocked from booking per your rules.""","SET NAMES utf8mb4 COLLATE utf8mb4_0900_ai_ci;

-- ===== A0 =====
SET @q := 'MC246530';

SET @q_digits := REGEXP_REPLACE(@q, '[^0-9]', '');

SET @dot := (
    SELECT dot_number FROM (
        -- MC / FF / MX docket number
        SELECT a.dot_number, 1 AS rank_order
        FROM carrier.carrier_authorities a
        WHERE @q_digits <> ''
          AND a.docket_number IN (CONCAT('MC', @q_digits), CONCAT('FF', @q_digits), CONCAT('MX', @q_digits))

        UNION ALL

        -- Bare DOT number
        SELECT c.dot_number, 2
        FROM carrier.carriers c
        WHERE @q_digits <> '' AND c.dot_number = CAST(@q_digits AS UNSIGNED)

        UNION ALL

        -- Email address
        SELECT c.dot_number, 3
        FROM carrier.carriers c
        WHERE @q LIKE '%@%' AND c.email_address = @q

        UNION ALL

        -- Exact legal name / DBA
        SELECT c.dot_number, 4
        FROM carrier.carriers c
        WHERE @q NOT LIKE '%@%' AND @q_digits = ''
          AND (c.legal_name = @q OR c.dba_name = @q)
    ) m
    ORDER BY rank_order
    LIMIT 1
);

SELECT @dot AS resolved_dot;   -- NULL or >1 plausible match => fall through to A3

-- ===== A1 =====
SET @dot := 1749;

WITH auth AS (
    SELECT
        GROUP_CONCAT(DISTINCT a.docket_number ORDER BY a.docket_number SEPARATOR ', ') AS docket_numbers,
        MAX(a.common_stat)                                                     AS common_stat,
        MAX(a.contract_stat)                                                   AS contract_stat,
        MAX(a.broker_stat)                                                     AS broker_stat,
        MAX(a.common_stat = 'A' OR a.contract_stat = 'A' OR a.broker_stat = 'A') AS has_active_authority,
        MAX(a.broker_stat = 'A')                                               AS has_broker_authority,
        MAX(a.common_stat = 'A' OR a.contract_stat = 'A')                      AS has_carrier_authority,
        MAX(CAST(NULLIF(a.min_cov_amount, '') AS UNSIGNED))                    AS bipd_required_k
    FROM carrier.carrier_authorities a
    WHERE a.dot_number = @dot
),
-- Current coverage comes from the FMCSA ACTPENDINS file, not
-- insurance_filings: the latter is the *history* file (only ~6.4k of its 7.4M
-- rows are uncancelled), so reading it for ""insurance on file"" reports almost
-- every carrier as uninsured. actpendinsur_all_with_history is keyed on
-- dot_int (the integer DOT); mod_col_1 carries the coverage type.
filings AS (
    SELECT
        f.*,
        (f.mod_col_1 LIKE 'BIPD%')                                             AS is_bipd,
        (f.mod_col_1 = 'CARGO')                                                AS is_cargo,
        (f.mod_col_1 IN ('SURETY', 'TRUST FUND'))                              AS is_bond,
        (f.cancl_effective_date IS NULL OR f.cancl_effective_date > CURDATE())  AS is_live
    FROM carrier.actpendinsur_all_with_history f
    WHERE f.dot_int = @dot
),
ins AS (
    SELECT
        MAX(CASE WHEN is_bipd  AND is_live THEN max_cov_amount END)            AS bipd_on_file_k,
        MAX(CASE WHEN is_cargo AND is_live THEN max_cov_amount END)            AS cargo_on_file_k,
        MAX(is_cargo AND is_live)                                              AS cargo_on_file,
        MAX(is_bond  AND is_live)                                              AS bond_on_file,
        MAX(cancl_effective_date IS NOT NULL
            AND cancl_effective_date > CURDATE())                              AS pending_cancellation,
        MIN(CASE WHEN cancl_effective_date > CURDATE()
                 THEN cancl_effective_date END)                                AS cancels_on,
        COUNT(*)                                                               AS filing_count
    FROM filings
),
bipd_current AS (   -- the specific filing behind the limit above
    SELECT name_company, policy_no, effective_date, cancl_effective_date, max_cov_amount
    FROM filings
    WHERE is_bipd AND is_live
    ORDER BY max_cov_amount DESC, effective_date DESC
    LIMIT 1
),
orders AS (
    SELECT
        COUNT(*)                                                               AS authority_order_count,
        SUM(order2_effective_date > CURDATE() - INTERVAL 36 MONTH)             AS revocations_36mo
    FROM carrier.carrier_authority_orders
    WHERE dot_number = @dot
),
oos AS (
    SELECT
        SUM(status = 'ACTIVE' AND rescind_date IS NULL)                        AS active_oos_orders,
        MAX(CASE WHEN status = 'ACTIVE' AND rescind_date IS NULL THEN oos_reason END) AS active_oos_reason,
        MAX(CASE WHEN status = 'ACTIVE' AND rescind_date IS NULL THEN oos_date   END) AS active_oos_date
    FROM carrier.carrier_oos_orders
    WHERE dot_number = @dot
),
activity AS (
    SELECT
        (SELECT COUNT(*) FROM carrier.inspections
          WHERE dot_number = @dot AND insp_date >= CURDATE() - INTERVAL 12 MONTH) AS inspections_12mo,
        (SELECT COUNT(*) FROM carrier.crashes
          WHERE dot_number = @dot AND fatalities > 0)                             AS fatal_crashes,
        (SELECT COUNT(*) FROM carrier.crashes
          WHERE dot_number = @dot AND report_date >= CURDATE() - INTERVAL 24 MONTH) AS crashes_24mo,
        (SELECT COUNT(*) FROM carrier.carrier_contacts WHERE dot_number = @dot)   AS boc3_filings
),
benchmark AS (   -- national vehicle OOS rate, same definition CarrierRiskService caches
    -- ~2.7s of this query's ~3.4s: an unindexed scan of 690k sms_measures rows
    -- for a number that moves monthly. CarrierRiskService caches it for an
    -- hour; for interactive use substitute the cached value instead:
    --     SELECT 0.2494 AS natl_vehicle_oos
    SELECT AVG(vehicle_oos_insp_total / NULLIF(vehicle_insp_total, 0)) AS natl_vehicle_oos
    FROM carrier.sms_measures
    WHERE vehicle_insp_total >= 5
)
SELECT
    -- ---- verdict (GR-9: the gate is stated before anything else) ----
    CASE
        WHEN d.status_code <> 'A'                                    THEN 'HARD-STOP'
        WHEN auth.has_active_authority = 0                           THEN 'HARD-STOP'
        WHEN oos.active_oos_orders > 0                               THEN 'HARD-STOP'
        WHEN d.safety_rating IN ('U', 'C')                           THEN 'HARD-STOP'
        WHEN orders.revocations_36mo > 0                             THEN 'HARD-STOP'
        WHEN ins.bipd_on_file_k IS NULL                              THEN 'HARD-STOP'
        WHEN ins.bipd_on_file_k < auth.bipd_required_k               THEN 'HARD-STOP'
        WHEN DATEDIFF(CURDATE(), c.add_date) < 90                    THEN 'HARD-STOP'
        WHEN ins.pending_cancellation = 1                            THEN 'REVIEW'
        WHEN ins.cargo_on_file = 0                                   THEN 'REVIEW'
        WHEN auth.has_broker_authority = 1
             AND auth.has_carrier_authority = 1                      THEN 'REVIEW'
        WHEN activity.boc3_filings = 0                               THEN 'REVIEW'
        WHEN c.mcs150_date < CURDATE() - INTERVAL 24 MONTH           THEN 'REVIEW'
        WHEN activity.fatal_crashes > 0                              THEN 'REVIEW'
        ELSE 'PASS'
    END                                                                       AS verdict,
    CONCAT_WS('; ',
        CASE WHEN d.status_code <> 'A'                      THEN CONCAT('USDOT registration ', d.status_code) END,
        CASE WHEN auth.has_active_authority = 0             THEN 'no active operating authority' END,
        CASE WHEN oos.active_oos_orders > 0                 THEN CONCAT('federal out-of-service order ', oos.active_oos_date, ' (', oos.active_oos_reason, ')') END,
        CASE WHEN d.safety_rating IN ('U','C')              THEN CONCAT(IF(d.safety_rating='U','Unsatisfactory','Conditional'), ' safety rating') END,
        CASE WHEN orders.revocations_36mo > 0               THEN CONCAT(orders.revocations_36mo, ' revocation(s) in last 36 months') END,
        CASE WHEN ins.bipd_on_file_k IS NULL                THEN 'no active BIPD insurance on file' END,
        CASE WHEN ins.bipd_on_file_k < auth.bipd_required_k THEN 'liability coverage below federal minimum' END,
        CASE WHEN DATEDIFF(CURDATE(), c.add_date) < 90      THEN CONCAT('authority only ', DATEDIFF(CURDATE(), c.add_date), ' days old') END,
        CASE WHEN ins.pending_cancellation = 1              THEN 'insurance cancellation pending' END,
        CASE WHEN ins.cargo_on_file = 0                     THEN 'no cargo insurance on file' END,
        CASE WHEN auth.has_broker_authority = 1 AND auth.has_carrier_authority = 1 THEN 'holds both carrier and broker authority (double-broker risk)' END,
        CASE WHEN activity.boc3_filings = 0                 THEN 'no BOC-3 process agent on file' END,
        CASE WHEN c.mcs150_date < CURDATE() - INTERVAL 24 MONTH THEN 'MCS-150 filing overdue' END,
        CASE WHEN activity.fatal_crashes > 0                THEN CONCAT(activity.fatal_crashes, ' fatal crash(es) on record') END
    )                                                                         AS verdict_reasons,

    -- ---- identity ----
    c.dot_number,
    auth.docket_numbers                                                       AS mc_numbers,
    c.legal_name,
    c.dba_name,
    CONCAT_WS(', ', c.phy_city, c.phy_state)                                  AS based_in,

    -- ---- authority ----
    auth.common_stat, auth.contract_stat, auth.broker_stat,
    d.status_code                                                             AS usdot_status,
    CASE c.carrier_operation
        WHEN 'A' THEN 'Interstate'
        WHEN 'B' THEN 'Intrastate Hazmat'
        WHEN 'C' THEN 'Intrastate Non-Hazmat'
        ELSE c.carrier_operation END                                          AS operation_type,
    c.add_date                                                                AS authority_granted,
    ROUND(DATEDIFF(CURDATE(), c.add_date) / 365.25, 1)                        AS years_active,
    COALESCE(orders.revocations_36mo, 0)                                      AS revocations_last_36mo,
    IF(COALESCE(orders.authority_order_count, 0) = 0 AND auth.has_active_authority = 1,
       'uninterrupted', 'interrupted')                                        AS authority_history,

    -- ---- insurance on file ----
    ins.bipd_on_file_k  * 1000                                                AS bipd_limit_usd,
    auth.bipd_required_k * 1000                                               AS bipd_required_usd,
    ins.cargo_on_file_k * 1000                                                AS cargo_limit_usd,
    bc.name_company                                                           AS bipd_insurer,
    bc.policy_no                                                              AS bipd_policy_no,
    bc.effective_date                                                         AS bipd_effective_date,
    bc.cancl_effective_date                                                   AS bipd_cancels_on,
    IF(ins.bipd_on_file_k IS NOT NULL, 'active', 'none on file')              AS bipd_state,
    COALESCE(ins.bond_on_file, 0)                                             AS surety_bond_on_file,
    COALESCE(ins.pending_cancellation, 0)                                     AS pending_cancellation,
    ins.cancels_on                                                            AS next_cancellation_date,

    -- ---- safety ----
    CASE d.safety_rating
        WHEN 'S' THEN 'Satisfactory'
        WHEN 'C' THEN 'Conditional'
        WHEN 'U' THEN 'Unsatisfactory'
        ELSE 'Not rated' END                                                  AS safety_rating,
    d.safety_rating_date,
    sms.insp_total                                                            AS inspections_total,
    ROUND(100 * sms.driver_oos_insp_total  / NULLIF(sms.driver_insp_total, 0), 1)  AS driver_oos_pct,
    ROUND(100 * sms.vehicle_oos_insp_total / NULLIF(sms.vehicle_insp_total, 0), 1) AS vehicle_oos_pct,
    ROUND(100 * b.natl_vehicle_oos, 1)                                        AS natl_vehicle_oos_pct,
    activity.inspections_12mo,
    activity.crashes_24mo,
    activity.fatal_crashes,

    -- ---- fleet ----
    c.nbr_power_unit                                                          AS power_units,
    c.driver_total                                                            AS drivers,

    -- ---- freshness (GR: every answer carries a stamp) ----
    GREATEST(COALESCE(c.updated_at, '1970-01-01'),
             COALESCE(d.updated_at, '1970-01-01'))                            AS fmcsa_synced_at
FROM carrier.carriers c
CROSS JOIN auth
CROSS JOIN ins
CROSS JOIN orders
CROSS JOIN oos
CROSS JOIN activity
CROSS JOIN benchmark b
LEFT JOIN bipd_current bc ON TRUE
LEFT JOIN carrier.carrier_details d ON d.dot_number = c.dot_number
LEFT JOIN carrier.sms_measures   sms ON sms.dot_number = c.dot_number
WHERE c.dot_number = @dot;

-- ===== A1b =====
SET @dot := 1749;

WITH f AS (
    SELECT
        c.dot_number,
        c.telephone, c.email_address, c.phy_street, c.phy_city, c.phy_state,
        c.add_date, c.mcs150_date,
        d.status_code, d.safety_rating, d.dun_bradstreet_no,
        sms.insp_total, sms.vehicle_insp_total, sms.vehicle_oos_insp_total,
        sms.unsafe_driv_ac, sms.hos_driv_ac, sms.driv_fit_ac, sms.contr_subst_ac, sms.veh_maint_ac,
        (SELECT MAX(a.common_stat='A' OR a.contract_stat='A' OR a.broker_stat='A')
           FROM carrier.carrier_authorities a WHERE a.dot_number = c.dot_number)   AS has_active_authority,
        (SELECT MAX(CAST(NULLIF(a.min_cov_amount,'') AS UNSIGNED))
           FROM carrier.carrier_authorities a WHERE a.dot_number = c.dot_number)   AS bipd_required_k,
        (SELECT COUNT(*) FROM carrier.carrier_oos_orders o
           WHERE o.dot_number = c.dot_number AND o.status = 'ACTIVE' AND o.rescind_date IS NULL) AS active_oos,
        (SELECT COUNT(*) FROM carrier.carrier_authority_orders o
           WHERE o.dot_number = c.dot_number
             AND o.order2_effective_date > CURDATE() - INTERVAL 36 MONTH)          AS revocations_36mo,
        (SELECT COUNT(*) FROM carrier.carrier_contacts x WHERE x.dot_number = c.dot_number) AS boc3,
        (SELECT COUNT(*) FROM carrier.inspections i
           WHERE i.dot_number = c.dot_number AND i.insp_date >= CURDATE() - INTERVAL 12 MONTH) AS insp_12mo,
        (SELECT COUNT(*) FROM carrier.crashes cr
           WHERE cr.dot_number = c.dot_number AND cr.fatalities > 0)               AS fatal_crashes,
        (SELECT COUNT(*) FROM carrier.carriers o
           WHERE o.telephone = c.telephone AND o.telephone <> '' AND o.dot_number <> c.dot_number) AS shared_phone,
        (SELECT COUNT(*) FROM carrier.carriers o
           WHERE o.email_address = c.email_address AND o.email_address <> '' AND o.dot_number <> c.dot_number) AS shared_email,
        (SELECT COUNT(*) FROM carrier.carriers o
           WHERE o.phy_state = c.phy_state AND o.phy_city = c.phy_city
             AND o.phy_street = c.phy_street AND o.dot_number <> c.dot_number)     AS shared_address,
        ce.authorized_for_hire,
        (SELECT MAX(CASE WHEN i.mod_col_1 LIKE 'BIPD%'
                          AND (i.cancl_effective_date IS NULL OR i.cancl_effective_date > CURDATE())
                    THEN i.max_cov_amount END)
           FROM carrier.actpendinsur_all_with_history i WHERE i.dot_int = c.dot_number) AS bipd_k,
        (SELECT MAX(i.mod_col_1 = 'CARGO'
                    AND (i.cancl_effective_date IS NULL OR i.cancl_effective_date > CURDATE()))
           FROM carrier.actpendinsur_all_with_history i WHERE i.dot_int = c.dot_number) AS cargo_live,
        (SELECT MAX(i.cancl_effective_date IS NOT NULL AND i.cancl_effective_date > CURDATE())
           FROM carrier.actpendinsur_all_with_history i WHERE i.dot_int = c.dot_number) AS pending_cancel,
        (SELECT AVG(vehicle_oos_insp_total / NULLIF(vehicle_insp_total,0))
           FROM carrier.sms_measures WHERE vehicle_insp_total >= 5)                AS natl_veh_oos
    FROM carrier.carriers c
    LEFT JOIN carrier.carrier_details d  ON d.dot_number  = c.dot_number
    LEFT JOIN carrier.carrier_census  ce ON ce.dot_number = c.dot_number
    LEFT JOIN carrier.sms_measures   sms ON sms.dot_number = c.dot_number
    WHERE c.dot_number = @dot
),
factors AS (
    SELECT 'authority'  AS category, 'Active USDOT registration'              AS factor, status_code = 'A' AS passed FROM f
    UNION ALL SELECT 'authority', 'Holds active operating authority',          has_active_authority = 1 FROM f
    UNION ALL SELECT 'authority', 'Authorized for hire',                       authorized_for_hire = 1 FROM f   -- NULL when the census file has no row yet
    UNION ALL SELECT 'authority', 'No federal out-of-service order',           active_oos = 0 FROM f
    UNION ALL SELECT 'authority', 'No revocations in last 36 months',          revocations_36mo = 0 FROM f
    UNION ALL SELECT 'authority', 'MCS-150 filing current (< 24 months)',      mcs150_date > CURDATE() - INTERVAL 24 MONTH FROM f
    UNION ALL SELECT 'authority', 'BOC-3 process agent on file',               boc3 > 0 FROM f
    UNION ALL SELECT 'insurance', 'Active BIPD insurance on file',             bipd_k IS NOT NULL FROM f
    UNION ALL SELECT 'insurance', 'Liability coverage meets federal minimum',  bipd_k >= bipd_required_k FROM f
    UNION ALL SELECT 'insurance', 'Cargo insurance on file',                   cargo_live = 1 FROM f
    UNION ALL SELECT 'insurance', 'No pending insurance cancellation',         COALESCE(pending_cancel, 0) = 0 FROM f
    UNION ALL SELECT 'safety',    'Safety rating not Unsatisfactory/Conditional',
                                  IF(safety_rating IS NULL OR safety_rating = '', NULL, safety_rating NOT IN ('U','C')) FROM f
    UNION ALL SELECT 'safety',    'No acute/critical violations',
                                  IF(insp_total IS NULL, NULL,
                                     COALESCE(unsafe_driv_ac,0) + COALESCE(hos_driv_ac,0) + COALESCE(driv_fit_ac,0)
                                   + COALESCE(contr_subst_ac,0) + COALESCE(veh_maint_ac,0) = 0) FROM f
    UNION ALL SELECT 'safety',    'No fatal crashes on record',                fatal_crashes = 0 FROM f
    UNION ALL SELECT 'safety',    'Vehicle OOS rate below industry average',
                                  IF(vehicle_insp_total >= 5,
                                     (vehicle_oos_insp_total / vehicle_insp_total) < natl_veh_oos, NULL) FROM f
    UNION ALL SELECT 'safety',    'Inspection activity in last 12 months',     insp_12mo > 0 FROM f
    UNION ALL SELECT 'identity',  'Phone unique to this carrier',
                                  IF(telephone IS NULL OR telephone = '', NULL, shared_phone = 0) FROM f
    UNION ALL SELECT 'identity',  'Email unique to this carrier',
                                  IF(email_address IS NULL OR email_address = '', NULL, shared_email = 0) FROM f
    UNION ALL SELECT 'identity',  'Address unique to this carrier',
                                  IF(CHAR_LENGTH(TRIM(COALESCE(phy_street,''))) <= 5, NULL, shared_address = 0) FROM f
    UNION ALL SELECT 'identity',  'Address verified as non-virtual',
                                  UPPER(COALESCE(phy_street,'')) NOT REGEXP
                                  'UPS STORE|REGUS|WEWORK|PMB |POSTAL ANNEX|MAIL BOXES ETC|MAILBOX|REGISTERED AGENT|VIRTUAL OFFICE|SUITE #' FROM f
)
SELECT
    category,
    factor,
    CASE passed WHEN 1 THEN 'pass' WHEN 0 THEN 'fail' ELSE 'monitoring' END AS state,
    -- the ""n/20"" line, carried on every row so one query answers both
    SUM(passed = 1)     OVER () AS factors_passed,
    SUM(passed = 0)     OVER () AS factors_failed,
    SUM(passed IS NULL) OVER () AS factors_monitoring,
    COUNT(*)            OVER () AS factors_total
FROM factors
ORDER BY FIELD(category, 'authority', 'insurance', 'safety', 'identity'),
         passed IS NULL, passed, factor;","SET NAMES utf8mb4 COLLATE utf8mb4_unicode_ci;

-- ===== A1c =====
SET @dot := 1749;
SET @company_id := 5;

SELECT
    sh.carrier_id                      AS dot_number,
    sh.dt_score,
    CASE
        WHEN sh.dt_score >= 80 THEN 'Low risk'
        WHEN sh.dt_score >= 60 THEN 'Moderate risk'
        WHEN sh.dt_score >= 40 THEN 'Elevated risk'
        ELSE 'High risk'
    END                                AS band,
    sh.updated_at                      AS scored_at,
    CONCAT(u.first_name, ' ', u.last_name) AS scored_by
FROM search_histories sh
JOIN users u ON u.id = sh.user_id
WHERE sh.carrier_id = @dot
  AND sh.company_id = @company_id     -- GR-6: tenant-wide, not per-user
ORDER BY sh.updated_at DESC
LIMIT 1;

-- A1c-weights — the weights that score was built from, for ""by your weights"".
SELECT authority, insurance_coi, safety_csa, inspection_vin, fraud_signals, payment_history
FROM scoring_weights
WHERE company_id = @company_id AND is_template = 0
ORDER BY id DESC
LIMIT 1;"
"6","A1","Quick check on Norbet Trucking","Full vet, entity named by company name","Company name -> DOT","@name='Norbet'; @dot; @company_id","carrier + newbrokerapi","A3 + A0 + A1 + A1b + A1c","Same as the name-based vet: disambiguate via A3 first.","SET NAMES utf8mb4 COLLATE utf8mb4_0900_ai_ci;

-- ===== A3 =====
SET @name := 'RUNDLETT';

SELECT
    c.dot_number,
    (SELECT GROUP_CONCAT(DISTINCT a.docket_number ORDER BY a.docket_number SEPARATOR ', ')
       FROM carrier.carrier_authorities a WHERE a.dot_number = c.dot_number) AS mc_numbers,
    c.legal_name,
    c.dba_name,
    c.phy_state,
    c.phy_city,
    CONCAT_WS('/',
        NULLIF(CONCAT('Common:',  (SELECT MAX(common_stat)   FROM carrier.carrier_authorities a WHERE a.dot_number = c.dot_number)), 'Common:'),
        NULLIF(CONCAT('Contract:',(SELECT MAX(contract_stat) FROM carrier.carrier_authorities a WHERE a.dot_number = c.dot_number)), 'Contract:'),
        NULLIF(CONCAT('Broker:',  (SELECT MAX(broker_stat)   FROM carrier.carrier_authorities a WHERE a.dot_number = c.dot_number)), 'Broker:')
    )                                                                        AS authority,
    d.status_code                                                            AS usdot_status,
    c.nbr_power_unit                                                         AS power_units
FROM carrier.carriers c
LEFT JOIN carrier.carrier_details d ON d.dot_number = c.dot_number
WHERE c.legal_name LIKE CONCAT('%', @name, '%')
   OR c.dba_name   LIKE CONCAT('%', @name, '%')
ORDER BY (d.status_code = 'A') DESC, c.nbr_power_unit DESC
LIMIT 25;
-- DT Score per match: join newbrokerapi.search_histories separately (A1c) —
-- the two databases are on different servers.

-- ===== A0 =====
SET @q := 'MC246530';

SET @q_digits := REGEXP_REPLACE(@q, '[^0-9]', '');

SET @dot := (
    SELECT dot_number FROM (
        -- MC / FF / MX docket number
        SELECT a.dot_number, 1 AS rank_order
        FROM carrier.carrier_authorities a
        WHERE @q_digits <> ''
          AND a.docket_number IN (CONCAT('MC', @q_digits), CONCAT('FF', @q_digits), CONCAT('MX', @q_digits))

        UNION ALL

        -- Bare DOT number
        SELECT c.dot_number, 2
        FROM carrier.carriers c
        WHERE @q_digits <> '' AND c.dot_number = CAST(@q_digits AS UNSIGNED)

        UNION ALL

        -- Email address
        SELECT c.dot_number, 3
        FROM carrier.carriers c
        WHERE @q LIKE '%@%' AND c.email_address = @q

        UNION ALL

        -- Exact legal name / DBA
        SELECT c.dot_number, 4
        FROM carrier.carriers c
        WHERE @q NOT LIKE '%@%' AND @q_digits = ''
          AND (c.legal_name = @q OR c.dba_name = @q)
    ) m
    ORDER BY rank_order
    LIMIT 1
);

SELECT @dot AS resolved_dot;   -- NULL or >1 plausible match => fall through to A3

-- ===== A1 =====
SET @dot := 1749;

WITH auth AS (
    SELECT
        GROUP_CONCAT(DISTINCT a.docket_number ORDER BY a.docket_number SEPARATOR ', ') AS docket_numbers,
        MAX(a.common_stat)                                                     AS common_stat,
        MAX(a.contract_stat)                                                   AS contract_stat,
        MAX(a.broker_stat)                                                     AS broker_stat,
        MAX(a.common_stat = 'A' OR a.contract_stat = 'A' OR a.broker_stat = 'A') AS has_active_authority,
        MAX(a.broker_stat = 'A')                                               AS has_broker_authority,
        MAX(a.common_stat = 'A' OR a.contract_stat = 'A')                      AS has_carrier_authority,
        MAX(CAST(NULLIF(a.min_cov_amount, '') AS UNSIGNED))                    AS bipd_required_k
    FROM carrier.carrier_authorities a
    WHERE a.dot_number = @dot
),
-- Current coverage comes from the FMCSA ACTPENDINS file, not
-- insurance_filings: the latter is the *history* file (only ~6.4k of its 7.4M
-- rows are uncancelled), so reading it for ""insurance on file"" reports almost
-- every carrier as uninsured. actpendinsur_all_with_history is keyed on
-- dot_int (the integer DOT); mod_col_1 carries the coverage type.
filings AS (
    SELECT
        f.*,
        (f.mod_col_1 LIKE 'BIPD%')                                             AS is_bipd,
        (f.mod_col_1 = 'CARGO')                                                AS is_cargo,
        (f.mod_col_1 IN ('SURETY', 'TRUST FUND'))                              AS is_bond,
        (f.cancl_effective_date IS NULL OR f.cancl_effective_date > CURDATE())  AS is_live
    FROM carrier.actpendinsur_all_with_history f
    WHERE f.dot_int = @dot
),
ins AS (
    SELECT
        MAX(CASE WHEN is_bipd  AND is_live THEN max_cov_amount END)            AS bipd_on_file_k,
        MAX(CASE WHEN is_cargo AND is_live THEN max_cov_amount END)            AS cargo_on_file_k,
        MAX(is_cargo AND is_live)                                              AS cargo_on_file,
        MAX(is_bond  AND is_live)                                              AS bond_on_file,
        MAX(cancl_effective_date IS NOT NULL
            AND cancl_effective_date > CURDATE())                              AS pending_cancellation,
        MIN(CASE WHEN cancl_effective_date > CURDATE()
                 THEN cancl_effective_date END)                                AS cancels_on,
        COUNT(*)                                                               AS filing_count
    FROM filings
),
bipd_current AS (   -- the specific filing behind the limit above
    SELECT name_company, policy_no, effective_date, cancl_effective_date, max_cov_amount
    FROM filings
    WHERE is_bipd AND is_live
    ORDER BY max_cov_amount DESC, effective_date DESC
    LIMIT 1
),
orders AS (
    SELECT
        COUNT(*)                                                               AS authority_order_count,
        SUM(order2_effective_date > CURDATE() - INTERVAL 36 MONTH)             AS revocations_36mo
    FROM carrier.carrier_authority_orders
    WHERE dot_number = @dot
),
oos AS (
    SELECT
        SUM(status = 'ACTIVE' AND rescind_date IS NULL)                        AS active_oos_orders,
        MAX(CASE WHEN status = 'ACTIVE' AND rescind_date IS NULL THEN oos_reason END) AS active_oos_reason,
        MAX(CASE WHEN status = 'ACTIVE' AND rescind_date IS NULL THEN oos_date   END) AS active_oos_date
    FROM carrier.carrier_oos_orders
    WHERE dot_number = @dot
),
activity AS (
    SELECT
        (SELECT COUNT(*) FROM carrier.inspections
          WHERE dot_number = @dot AND insp_date >= CURDATE() - INTERVAL 12 MONTH) AS inspections_12mo,
        (SELECT COUNT(*) FROM carrier.crashes
          WHERE dot_number = @dot AND fatalities > 0)                             AS fatal_crashes,
        (SELECT COUNT(*) FROM carrier.crashes
          WHERE dot_number = @dot AND report_date >= CURDATE() - INTERVAL 24 MONTH) AS crashes_24mo,
        (SELECT COUNT(*) FROM carrier.carrier_contacts WHERE dot_number = @dot)   AS boc3_filings
),
benchmark AS (   -- national vehicle OOS rate, same definition CarrierRiskService caches
    -- ~2.7s of this query's ~3.4s: an unindexed scan of 690k sms_measures rows
    -- for a number that moves monthly. CarrierRiskService caches it for an
    -- hour; for interactive use substitute the cached value instead:
    --     SELECT 0.2494 AS natl_vehicle_oos
    SELECT AVG(vehicle_oos_insp_total / NULLIF(vehicle_insp_total, 0)) AS natl_vehicle_oos
    FROM carrier.sms_measures
    WHERE vehicle_insp_total >= 5
)
SELECT
    -- ---- verdict (GR-9: the gate is stated before anything else) ----
    CASE
        WHEN d.status_code <> 'A'                                    THEN 'HARD-STOP'
        WHEN auth.has_active_authority = 0                           THEN 'HARD-STOP'
        WHEN oos.active_oos_orders > 0                               THEN 'HARD-STOP'
        WHEN d.safety_rating IN ('U', 'C')                           THEN 'HARD-STOP'
        WHEN orders.revocations_36mo > 0                             THEN 'HARD-STOP'
        WHEN ins.bipd_on_file_k IS NULL                              THEN 'HARD-STOP'
        WHEN ins.bipd_on_file_k < auth.bipd_required_k               THEN 'HARD-STOP'
        WHEN DATEDIFF(CURDATE(), c.add_date) < 90                    THEN 'HARD-STOP'
        WHEN ins.pending_cancellation = 1                            THEN 'REVIEW'
        WHEN ins.cargo_on_file = 0                                   THEN 'REVIEW'
        WHEN auth.has_broker_authority = 1
             AND auth.has_carrier_authority = 1                      THEN 'REVIEW'
        WHEN activity.boc3_filings = 0                               THEN 'REVIEW'
        WHEN c.mcs150_date < CURDATE() - INTERVAL 24 MONTH           THEN 'REVIEW'
        WHEN activity.fatal_crashes > 0                              THEN 'REVIEW'
        ELSE 'PASS'
    END                                                                       AS verdict,
    CONCAT_WS('; ',
        CASE WHEN d.status_code <> 'A'                      THEN CONCAT('USDOT registration ', d.status_code) END,
        CASE WHEN auth.has_active_authority = 0             THEN 'no active operating authority' END,
        CASE WHEN oos.active_oos_orders > 0                 THEN CONCAT('federal out-of-service order ', oos.active_oos_date, ' (', oos.active_oos_reason, ')') END,
        CASE WHEN d.safety_rating IN ('U','C')              THEN CONCAT(IF(d.safety_rating='U','Unsatisfactory','Conditional'), ' safety rating') END,
        CASE WHEN orders.revocations_36mo > 0               THEN CONCAT(orders.revocations_36mo, ' revocation(s) in last 36 months') END,
        CASE WHEN ins.bipd_on_file_k IS NULL                THEN 'no active BIPD insurance on file' END,
        CASE WHEN ins.bipd_on_file_k < auth.bipd_required_k THEN 'liability coverage below federal minimum' END,
        CASE WHEN DATEDIFF(CURDATE(), c.add_date) < 90      THEN CONCAT('authority only ', DATEDIFF(CURDATE(), c.add_date), ' days old') END,
        CASE WHEN ins.pending_cancellation = 1              THEN 'insurance cancellation pending' END,
        CASE WHEN ins.cargo_on_file = 0                     THEN 'no cargo insurance on file' END,
        CASE WHEN auth.has_broker_authority = 1 AND auth.has_carrier_authority = 1 THEN 'holds both carrier and broker authority (double-broker risk)' END,
        CASE WHEN activity.boc3_filings = 0                 THEN 'no BOC-3 process agent on file' END,
        CASE WHEN c.mcs150_date < CURDATE() - INTERVAL 24 MONTH THEN 'MCS-150 filing overdue' END,
        CASE WHEN activity.fatal_crashes > 0                THEN CONCAT(activity.fatal_crashes, ' fatal crash(es) on record') END
    )                                                                         AS verdict_reasons,

    -- ---- identity ----
    c.dot_number,
    auth.docket_numbers                                                       AS mc_numbers,
    c.legal_name,
    c.dba_name,
    CONCAT_WS(', ', c.phy_city, c.phy_state)                                  AS based_in,

    -- ---- authority ----
    auth.common_stat, auth.contract_stat, auth.broker_stat,
    d.status_code                                                             AS usdot_status,
    CASE c.carrier_operation
        WHEN 'A' THEN 'Interstate'
        WHEN 'B' THEN 'Intrastate Hazmat'
        WHEN 'C' THEN 'Intrastate Non-Hazmat'
        ELSE c.carrier_operation END                                          AS operation_type,
    c.add_date                                                                AS authority_granted,
    ROUND(DATEDIFF(CURDATE(), c.add_date) / 365.25, 1)                        AS years_active,
    COALESCE(orders.revocations_36mo, 0)                                      AS revocations_last_36mo,
    IF(COALESCE(orders.authority_order_count, 0) = 0 AND auth.has_active_authority = 1,
       'uninterrupted', 'interrupted')                                        AS authority_history,

    -- ---- insurance on file ----
    ins.bipd_on_file_k  * 1000                                                AS bipd_limit_usd,
    auth.bipd_required_k * 1000                                               AS bipd_required_usd,
    ins.cargo_on_file_k * 1000                                                AS cargo_limit_usd,
    bc.name_company                                                           AS bipd_insurer,
    bc.policy_no                                                              AS bipd_policy_no,
    bc.effective_date                                                         AS bipd_effective_date,
    bc.cancl_effective_date                                                   AS bipd_cancels_on,
    IF(ins.bipd_on_file_k IS NOT NULL, 'active', 'none on file')              AS bipd_state,
    COALESCE(ins.bond_on_file, 0)                                             AS surety_bond_on_file,
    COALESCE(ins.pending_cancellation, 0)                                     AS pending_cancellation,
    ins.cancels_on                                                            AS next_cancellation_date,

    -- ---- safety ----
    CASE d.safety_rating
        WHEN 'S' THEN 'Satisfactory'
        WHEN 'C' THEN 'Conditional'
        WHEN 'U' THEN 'Unsatisfactory'
        ELSE 'Not rated' END                                                  AS safety_rating,
    d.safety_rating_date,
    sms.insp_total                                                            AS inspections_total,
    ROUND(100 * sms.driver_oos_insp_total  / NULLIF(sms.driver_insp_total, 0), 1)  AS driver_oos_pct,
    ROUND(100 * sms.vehicle_oos_insp_total / NULLIF(sms.vehicle_insp_total, 0), 1) AS vehicle_oos_pct,
    ROUND(100 * b.natl_vehicle_oos, 1)                                        AS natl_vehicle_oos_pct,
    activity.inspections_12mo,
    activity.crashes_24mo,
    activity.fatal_crashes,

    -- ---- fleet ----
    c.nbr_power_unit                                                          AS power_units,
    c.driver_total                                                            AS drivers,

    -- ---- freshness (GR: every answer carries a stamp) ----
    GREATEST(COALESCE(c.updated_at, '1970-01-01'),
             COALESCE(d.updated_at, '1970-01-01'))                            AS fmcsa_synced_at
FROM carrier.carriers c
CROSS JOIN auth
CROSS JOIN ins
CROSS JOIN orders
CROSS JOIN oos
CROSS JOIN activity
CROSS JOIN benchmark b
LEFT JOIN bipd_current bc ON TRUE
LEFT JOIN carrier.carrier_details d ON d.dot_number = c.dot_number
LEFT JOIN carrier.sms_measures   sms ON sms.dot_number = c.dot_number
WHERE c.dot_number = @dot;

-- ===== A1b =====
SET @dot := 1749;

WITH f AS (
    SELECT
        c.dot_number,
        c.telephone, c.email_address, c.phy_street, c.phy_city, c.phy_state,
        c.add_date, c.mcs150_date,
        d.status_code, d.safety_rating, d.dun_bradstreet_no,
        sms.insp_total, sms.vehicle_insp_total, sms.vehicle_oos_insp_total,
        sms.unsafe_driv_ac, sms.hos_driv_ac, sms.driv_fit_ac, sms.contr_subst_ac, sms.veh_maint_ac,
        (SELECT MAX(a.common_stat='A' OR a.contract_stat='A' OR a.broker_stat='A')
           FROM carrier.carrier_authorities a WHERE a.dot_number = c.dot_number)   AS has_active_authority,
        (SELECT MAX(CAST(NULLIF(a.min_cov_amount,'') AS UNSIGNED))
           FROM carrier.carrier_authorities a WHERE a.dot_number = c.dot_number)   AS bipd_required_k,
        (SELECT COUNT(*) FROM carrier.carrier_oos_orders o
           WHERE o.dot_number = c.dot_number AND o.status = 'ACTIVE' AND o.rescind_date IS NULL) AS active_oos,
        (SELECT COUNT(*) FROM carrier.carrier_authority_orders o
           WHERE o.dot_number = c.dot_number
             AND o.order2_effective_date > CURDATE() - INTERVAL 36 MONTH)          AS revocations_36mo,
        (SELECT COUNT(*) FROM carrier.carrier_contacts x WHERE x.dot_number = c.dot_number) AS boc3,
        (SELECT COUNT(*) FROM carrier.inspections i
           WHERE i.dot_number = c.dot_number AND i.insp_date >= CURDATE() - INTERVAL 12 MONTH) AS insp_12mo,
        (SELECT COUNT(*) FROM carrier.crashes cr
           WHERE cr.dot_number = c.dot_number AND cr.fatalities > 0)               AS fatal_crashes,
        (SELECT COUNT(*) FROM carrier.carriers o
           WHERE o.telephone = c.telephone AND o.telephone <> '' AND o.dot_number <> c.dot_number) AS shared_phone,
        (SELECT COUNT(*) FROM carrier.carriers o
           WHERE o.email_address = c.email_address AND o.email_address <> '' AND o.dot_number <> c.dot_number) AS shared_email,
        (SELECT COUNT(*) FROM carrier.carriers o
           WHERE o.phy_state = c.phy_state AND o.phy_city = c.phy_city
             AND o.phy_street = c.phy_street AND o.dot_number <> c.dot_number)     AS shared_address,
        ce.authorized_for_hire,
        (SELECT MAX(CASE WHEN i.mod_col_1 LIKE 'BIPD%'
                          AND (i.cancl_effective_date IS NULL OR i.cancl_effective_date > CURDATE())
                    THEN i.max_cov_amount END)
           FROM carrier.actpendinsur_all_with_history i WHERE i.dot_int = c.dot_number) AS bipd_k,
        (SELECT MAX(i.mod_col_1 = 'CARGO'
                    AND (i.cancl_effective_date IS NULL OR i.cancl_effective_date > CURDATE()))
           FROM carrier.actpendinsur_all_with_history i WHERE i.dot_int = c.dot_number) AS cargo_live,
        (SELECT MAX(i.cancl_effective_date IS NOT NULL AND i.cancl_effective_date > CURDATE())
           FROM carrier.actpendinsur_all_with_history i WHERE i.dot_int = c.dot_number) AS pending_cancel,
        (SELECT AVG(vehicle_oos_insp_total / NULLIF(vehicle_insp_total,0))
           FROM carrier.sms_measures WHERE vehicle_insp_total >= 5)                AS natl_veh_oos
    FROM carrier.carriers c
    LEFT JOIN carrier.carrier_details d  ON d.dot_number  = c.dot_number
    LEFT JOIN carrier.carrier_census  ce ON ce.dot_number = c.dot_number
    LEFT JOIN carrier.sms_measures   sms ON sms.dot_number = c.dot_number
    WHERE c.dot_number = @dot
),
factors AS (
    SELECT 'authority'  AS category, 'Active USDOT registration'              AS factor, status_code = 'A' AS passed FROM f
    UNION ALL SELECT 'authority', 'Holds active operating authority',          has_active_authority = 1 FROM f
    UNION ALL SELECT 'authority', 'Authorized for hire',                       authorized_for_hire = 1 FROM f   -- NULL when the census file has no row yet
    UNION ALL SELECT 'authority', 'No federal out-of-service order',           active_oos = 0 FROM f
    UNION ALL SELECT 'authority', 'No revocations in last 36 months',          revocations_36mo = 0 FROM f
    UNION ALL SELECT 'authority', 'MCS-150 filing current (< 24 months)',      mcs150_date > CURDATE() - INTERVAL 24 MONTH FROM f
    UNION ALL SELECT 'authority', 'BOC-3 process agent on file',               boc3 > 0 FROM f
    UNION ALL SELECT 'insurance', 'Active BIPD insurance on file',             bipd_k IS NOT NULL FROM f
    UNION ALL SELECT 'insurance', 'Liability coverage meets federal minimum',  bipd_k >= bipd_required_k FROM f
    UNION ALL SELECT 'insurance', 'Cargo insurance on file',                   cargo_live = 1 FROM f
    UNION ALL SELECT 'insurance', 'No pending insurance cancellation',         COALESCE(pending_cancel, 0) = 0 FROM f
    UNION ALL SELECT 'safety',    'Safety rating not Unsatisfactory/Conditional',
                                  IF(safety_rating IS NULL OR safety_rating = '', NULL, safety_rating NOT IN ('U','C')) FROM f
    UNION ALL SELECT 'safety',    'No acute/critical violations',
                                  IF(insp_total IS NULL, NULL,
                                     COALESCE(unsafe_driv_ac,0) + COALESCE(hos_driv_ac,0) + COALESCE(driv_fit_ac,0)
                                   + COALESCE(contr_subst_ac,0) + COALESCE(veh_maint_ac,0) = 0) FROM f
    UNION ALL SELECT 'safety',    'No fatal crashes on record',                fatal_crashes = 0 FROM f
    UNION ALL SELECT 'safety',    'Vehicle OOS rate below industry average',
                                  IF(vehicle_insp_total >= 5,
                                     (vehicle_oos_insp_total / vehicle_insp_total) < natl_veh_oos, NULL) FROM f
    UNION ALL SELECT 'safety',    'Inspection activity in last 12 months',     insp_12mo > 0 FROM f
    UNION ALL SELECT 'identity',  'Phone unique to this carrier',
                                  IF(telephone IS NULL OR telephone = '', NULL, shared_phone = 0) FROM f
    UNION ALL SELECT 'identity',  'Email unique to this carrier',
                                  IF(email_address IS NULL OR email_address = '', NULL, shared_email = 0) FROM f
    UNION ALL SELECT 'identity',  'Address unique to this carrier',
                                  IF(CHAR_LENGTH(TRIM(COALESCE(phy_street,''))) <= 5, NULL, shared_address = 0) FROM f
    UNION ALL SELECT 'identity',  'Address verified as non-virtual',
                                  UPPER(COALESCE(phy_street,'')) NOT REGEXP
                                  'UPS STORE|REGUS|WEWORK|PMB |POSTAL ANNEX|MAIL BOXES ETC|MAILBOX|REGISTERED AGENT|VIRTUAL OFFICE|SUITE #' FROM f
)
SELECT
    category,
    factor,
    CASE passed WHEN 1 THEN 'pass' WHEN 0 THEN 'fail' ELSE 'monitoring' END AS state,
    -- the ""n/20"" line, carried on every row so one query answers both
    SUM(passed = 1)     OVER () AS factors_passed,
    SUM(passed = 0)     OVER () AS factors_failed,
    SUM(passed IS NULL) OVER () AS factors_monitoring,
    COUNT(*)            OVER () AS factors_total
FROM factors
ORDER BY FIELD(category, 'authority', 'insurance', 'safety', 'identity'),
         passed IS NULL, passed, factor;","SET NAMES utf8mb4 COLLATE utf8mb4_unicode_ci;

-- ===== A1c =====
SET @dot := 1749;
SET @company_id := 5;

SELECT
    sh.carrier_id                      AS dot_number,
    sh.dt_score,
    CASE
        WHEN sh.dt_score >= 80 THEN 'Low risk'
        WHEN sh.dt_score >= 60 THEN 'Moderate risk'
        WHEN sh.dt_score >= 40 THEN 'Elevated risk'
        ELSE 'High risk'
    END                                AS band,
    sh.updated_at                      AS scored_at,
    CONCAT(u.first_name, ' ', u.last_name) AS scored_by
FROM search_histories sh
JOIN users u ON u.id = sh.user_id
WHERE sh.carrier_id = @dot
  AND sh.company_id = @company_id     -- GR-6: tenant-wide, not per-user
ORDER BY sh.updated_at DESC
LIMIT 1;

-- A1c-weights — the weights that score was built from, for ""by your weights"".
SELECT authority, insurance_coi, safety_csa, inspection_vin, fraud_signals, payment_history
FROM scoring_weights
WHERE company_id = @company_id AND is_template = 0
ORDER BY id DESC
LIMIT 1;"
"7","A2","Is this MC a scam?","Fraud / identity signal report","MC or DOT already in context","@dot","carrier (MySQL 8.4)","A2","Never ""yes it is a scam"". Answer ""X of {checks_total} identity/fraud checks failed: ..."" (GR-4). checks_failed / checks_total ride on every row.","SET NAMES utf8mb4 COLLATE utf8mb4_0900_ai_ci;

-- ===== A2 =====
SET @dot := 1749;

WITH c AS (
    SELECT c.*, d.dun_bradstreet_no
    FROM carrier.carriers c
    LEFT JOIN carrier.carrier_details d ON d.dot_number = c.dot_number
    WHERE c.dot_number = @dot
),
area_codes AS (
    SELECT 'AL' st, '205,251,256,334,659,938' codes UNION ALL SELECT 'AK','907' UNION ALL
    SELECT 'AZ','480,520,602,623,928' UNION ALL SELECT 'AR','479,501,870' UNION ALL
    SELECT 'CA','209,213,279,310,323,341,350,408,415,424,442,510,530,559,562,619,626,628,650,657,661,669,707,714,747,760,805,818,820,831,840,858,909,916,925,949,951' UNION ALL
    SELECT 'CO','303,719,720,970,983' UNION ALL SELECT 'CT','203,475,860,959' UNION ALL
    SELECT 'DE','302' UNION ALL SELECT 'DC','202,771' UNION ALL
    SELECT 'FL','239,305,321,352,386,407,448,561,656,689,727,754,772,786,813,850,863,904,941,954' UNION ALL
    SELECT 'GA','229,404,470,478,678,706,762,770,912,943' UNION ALL SELECT 'HI','808' UNION ALL
    SELECT 'ID','208,986' UNION ALL
    SELECT 'IL','217,224,309,312,331,447,464,618,630,708,773,779,815,847,872' UNION ALL
    SELECT 'IN','219,260,317,463,574,765,812,930' UNION ALL SELECT 'IA','319,515,563,641,712' UNION ALL
    SELECT 'KS','316,620,785,913' UNION ALL SELECT 'KY','270,364,502,606,859' UNION ALL
    SELECT 'LA','225,318,337,504,985' UNION ALL SELECT 'ME','207' UNION ALL
    SELECT 'MD','240,301,410,443,667' UNION ALL SELECT 'MA','339,351,413,508,617,774,781,857,978' UNION ALL
    SELECT 'MI','231,248,269,313,517,586,616,679,734,810,906,947,989' UNION ALL
    SELECT 'MN','218,320,507,612,651,763,952' UNION ALL SELECT 'MS','228,601,662,769' UNION ALL
    SELECT 'MO','314,417,557,573,636,660,816,975' UNION ALL SELECT 'MT','406' UNION ALL
    SELECT 'NE','308,402,531' UNION ALL SELECT 'NV','702,725,775' UNION ALL SELECT 'NH','603' UNION ALL
    SELECT 'NJ','201,551,609,640,732,848,856,862,908,973' UNION ALL SELECT 'NM','505,575' UNION ALL
    SELECT 'NY','212,315,332,347,363,516,518,585,607,631,646,680,716,718,838,845,914,917,929,934' UNION ALL
    SELECT 'NC','252,336,472,704,743,828,910,919,980,984' UNION ALL SELECT 'ND','701' UNION ALL
    SELECT 'OH','216,220,234,283,326,330,380,419,440,513,567,614,740,937' UNION ALL
    SELECT 'OK','405,539,572,580,918' UNION ALL SELECT 'OR','458,503,541,971' UNION ALL
    SELECT 'PA','215,223,267,272,412,445,484,570,582,610,717,724,814,835,878' UNION ALL
    SELECT 'RI','401' UNION ALL SELECT 'SC','803,821,839,843,854,864' UNION ALL SELECT 'SD','605' UNION ALL
    SELECT 'TN','423,615,629,731,865,901,931' UNION ALL
    SELECT 'TX','210,214,254,281,325,346,361,409,430,432,469,512,682,713,726,737,806,817,830,832,903,915,936,940,945,956,972,979' UNION ALL
    SELECT 'UT','385,435,801' UNION ALL SELECT 'VT','802' UNION ALL
    SELECT 'VA','276,434,540,571,703,757,804,826,948' UNION ALL SELECT 'WA','206,253,360,425,509,564' UNION ALL
    SELECT 'WV','304,681' UNION ALL SELECT 'WI','262,274,414,534,608,715,920' UNION ALL SELECT 'WY','307'
),
signals AS (
    SELECT 'Shared phone' AS check_name,
           (SELECT COUNT(DISTINCT o.dot_number) FROM carrier.carriers o
             WHERE o.telephone = c.telephone AND c.telephone <> '' AND o.dot_number <> c.dot_number) AS other_carriers,
           c.telephone AS value FROM c
    UNION ALL
    SELECT 'Shared email',
           (SELECT COUNT(DISTINCT o.dot_number) FROM carrier.carriers o
             WHERE o.email_address = c.email_address AND c.email_address <> '' AND o.dot_number <> c.dot_number),
           c.email_address FROM c
    UNION ALL
    SELECT 'Shared physical address',
           (SELECT COUNT(DISTINCT o.dot_number) FROM carrier.carriers o
             WHERE o.phy_street = c.phy_street AND o.phy_city = c.phy_city AND o.phy_state = c.phy_state
               AND CHAR_LENGTH(TRIM(COALESCE(c.phy_street,''))) > 5 AND o.dot_number <> c.dot_number),
           CONCAT_WS(', ', c.phy_street, c.phy_city, c.phy_state) FROM c
    UNION ALL
    SELECT 'Shared DUNS number',
           (SELECT COUNT(DISTINCT o.dot_number) FROM carrier.carrier_details o
             WHERE o.dun_bradstreet_no = c.dun_bradstreet_no
               AND CHAR_LENGTH(TRIM(COALESCE(c.dun_bradstreet_no,''))) > 3 AND o.dot_number <> c.dot_number),
           c.dun_bradstreet_no FROM c
    UNION ALL
    -- VIN lineage: other carriers inspected on this carrier's most recent VINs.
    SELECT 'Equipment (VIN) shared across carriers',
           (SELECT COUNT(DISTINCT i.dot_number)
              FROM carrier.inspections i
              JOIN (SELECT vin FROM carrier.inspections
                     WHERE dot_number = c.dot_number AND vin IS NOT NULL AND CHAR_LENGTH(vin) = 17
                     GROUP BY vin ORDER BY MAX(insp_date) DESC LIMIT 200) v ON v.vin = i.vin
             WHERE i.dot_number <> c.dot_number),
           NULL FROM c
    UNION ALL
    SELECT 'Virtual / mail-drop address',
           UPPER(CONCAT_WS(' | ', c.phy_street, c.mailing_street)) REGEXP
           'UPS STORE|REGUS|WEWORK|PMB |POSTAL ANNEX|MAIL BOXES ETC|MAILBOX|REGISTERED AGENT|VIRTUAL OFFICE|SUITE #',
           CONCAT_WS(', ', c.phy_street, c.phy_city) FROM c
    UNION ALL
    SELECT 'Authority under 90 days old',
           DATEDIFF(CURDATE(), c.add_date) < 90, CAST(c.add_date AS CHAR) FROM c
    UNION ALL
    SELECT 'Area code does not match business state',
           IF(c.telephone IS NULL OR CHAR_LENGTH(REGEXP_REPLACE(c.telephone,'[^0-9]','')) < 10 OR ac.codes IS NULL,
              NULL,
              FIND_IN_SET(LEFT(RIGHT(REGEXP_REPLACE(c.telephone,'[^0-9]',''), 10), 3), ac.codes) = 0),
           c.telephone
    FROM c LEFT JOIN area_codes ac ON ac.st = c.phy_state
    UNION ALL
    SELECT 'MCS-150 filing gap (24+ months)',
           c.mcs150_date IS NULL OR c.mcs150_date < CURDATE() - INTERVAL 24 MONTH,
           CAST(c.mcs150_date AS CHAR) FROM c
    UNION ALL
    SELECT 'Holds both carrier and broker authority',
           (SELECT MAX(a.broker_stat='A') AND MAX(a.common_stat='A' OR a.contract_stat='A')
              FROM carrier.carrier_authorities a WHERE a.dot_number = c.dot_number),
           NULL FROM c
    UNION ALL
    SELECT 'Primary contact information missing',
           (c.telephone IS NULL OR c.telephone = '') OR (c.email_address IS NULL OR c.email_address = ''),
           NULL FROM c
)
SELECT
    check_name,
    CASE WHEN other_carriers IS NULL THEN 'unknown'
         WHEN other_carriers > 0     THEN 'FLAGGED'
         ELSE 'clear' END               AS state,
    other_carriers                      AS detail_count,   -- carriers sharing the identifier, where applicable
    value,
    -- ""X of N identity/fraud checks failed"" — carried on every row (GR-4:
    -- report the count and the list, never the word ""scam"").
    SUM(other_carriers > 0)  OVER ()    AS checks_failed,
    COUNT(*)                 OVER ()    AS checks_total
FROM signals
ORDER BY (other_carriers > 0) DESC, check_name;",""
"8","A2","This carrier feels off, check them","Fraud / identity signal report","DOT already in context","@dot","carrier (MySQL 8.4)","A2","Same as above. List the FLAGGED rows with their detail_count (how many other carriers share the identifier).","SET NAMES utf8mb4 COLLATE utf8mb4_0900_ai_ci;

-- ===== A2 =====
SET @dot := 1749;

WITH c AS (
    SELECT c.*, d.dun_bradstreet_no
    FROM carrier.carriers c
    LEFT JOIN carrier.carrier_details d ON d.dot_number = c.dot_number
    WHERE c.dot_number = @dot
),
area_codes AS (
    SELECT 'AL' st, '205,251,256,334,659,938' codes UNION ALL SELECT 'AK','907' UNION ALL
    SELECT 'AZ','480,520,602,623,928' UNION ALL SELECT 'AR','479,501,870' UNION ALL
    SELECT 'CA','209,213,279,310,323,341,350,408,415,424,442,510,530,559,562,619,626,628,650,657,661,669,707,714,747,760,805,818,820,831,840,858,909,916,925,949,951' UNION ALL
    SELECT 'CO','303,719,720,970,983' UNION ALL SELECT 'CT','203,475,860,959' UNION ALL
    SELECT 'DE','302' UNION ALL SELECT 'DC','202,771' UNION ALL
    SELECT 'FL','239,305,321,352,386,407,448,561,656,689,727,754,772,786,813,850,863,904,941,954' UNION ALL
    SELECT 'GA','229,404,470,478,678,706,762,770,912,943' UNION ALL SELECT 'HI','808' UNION ALL
    SELECT 'ID','208,986' UNION ALL
    SELECT 'IL','217,224,309,312,331,447,464,618,630,708,773,779,815,847,872' UNION ALL
    SELECT 'IN','219,260,317,463,574,765,812,930' UNION ALL SELECT 'IA','319,515,563,641,712' UNION ALL
    SELECT 'KS','316,620,785,913' UNION ALL SELECT 'KY','270,364,502,606,859' UNION ALL
    SELECT 'LA','225,318,337,504,985' UNION ALL SELECT 'ME','207' UNION ALL
    SELECT 'MD','240,301,410,443,667' UNION ALL SELECT 'MA','339,351,413,508,617,774,781,857,978' UNION ALL
    SELECT 'MI','231,248,269,313,517,586,616,679,734,810,906,947,989' UNION ALL
    SELECT 'MN','218,320,507,612,651,763,952' UNION ALL SELECT 'MS','228,601,662,769' UNION ALL
    SELECT 'MO','314,417,557,573,636,660,816,975' UNION ALL SELECT 'MT','406' UNION ALL
    SELECT 'NE','308,402,531' UNION ALL SELECT 'NV','702,725,775' UNION ALL SELECT 'NH','603' UNION ALL
    SELECT 'NJ','201,551,609,640,732,848,856,862,908,973' UNION ALL SELECT 'NM','505,575' UNION ALL
    SELECT 'NY','212,315,332,347,363,516,518,585,607,631,646,680,716,718,838,845,914,917,929,934' UNION ALL
    SELECT 'NC','252,336,472,704,743,828,910,919,980,984' UNION ALL SELECT 'ND','701' UNION ALL
    SELECT 'OH','216,220,234,283,326,330,380,419,440,513,567,614,740,937' UNION ALL
    SELECT 'OK','405,539,572,580,918' UNION ALL SELECT 'OR','458,503,541,971' UNION ALL
    SELECT 'PA','215,223,267,272,412,445,484,570,582,610,717,724,814,835,878' UNION ALL
    SELECT 'RI','401' UNION ALL SELECT 'SC','803,821,839,843,854,864' UNION ALL SELECT 'SD','605' UNION ALL
    SELECT 'TN','423,615,629,731,865,901,931' UNION ALL
    SELECT 'TX','210,214,254,281,325,346,361,409,430,432,469,512,682,713,726,737,806,817,830,832,903,915,936,940,945,956,972,979' UNION ALL
    SELECT 'UT','385,435,801' UNION ALL SELECT 'VT','802' UNION ALL
    SELECT 'VA','276,434,540,571,703,757,804,826,948' UNION ALL SELECT 'WA','206,253,360,425,509,564' UNION ALL
    SELECT 'WV','304,681' UNION ALL SELECT 'WI','262,274,414,534,608,715,920' UNION ALL SELECT 'WY','307'
),
signals AS (
    SELECT 'Shared phone' AS check_name,
           (SELECT COUNT(DISTINCT o.dot_number) FROM carrier.carriers o
             WHERE o.telephone = c.telephone AND c.telephone <> '' AND o.dot_number <> c.dot_number) AS other_carriers,
           c.telephone AS value FROM c
    UNION ALL
    SELECT 'Shared email',
           (SELECT COUNT(DISTINCT o.dot_number) FROM carrier.carriers o
             WHERE o.email_address = c.email_address AND c.email_address <> '' AND o.dot_number <> c.dot_number),
           c.email_address FROM c
    UNION ALL
    SELECT 'Shared physical address',
           (SELECT COUNT(DISTINCT o.dot_number) FROM carrier.carriers o
             WHERE o.phy_street = c.phy_street AND o.phy_city = c.phy_city AND o.phy_state = c.phy_state
               AND CHAR_LENGTH(TRIM(COALESCE(c.phy_street,''))) > 5 AND o.dot_number <> c.dot_number),
           CONCAT_WS(', ', c.phy_street, c.phy_city, c.phy_state) FROM c
    UNION ALL
    SELECT 'Shared DUNS number',
           (SELECT COUNT(DISTINCT o.dot_number) FROM carrier.carrier_details o
             WHERE o.dun_bradstreet_no = c.dun_bradstreet_no
               AND CHAR_LENGTH(TRIM(COALESCE(c.dun_bradstreet_no,''))) > 3 AND o.dot_number <> c.dot_number),
           c.dun_bradstreet_no FROM c
    UNION ALL
    -- VIN lineage: other carriers inspected on this carrier's most recent VINs.
    SELECT 'Equipment (VIN) shared across carriers',
           (SELECT COUNT(DISTINCT i.dot_number)
              FROM carrier.inspections i
              JOIN (SELECT vin FROM carrier.inspections
                     WHERE dot_number = c.dot_number AND vin IS NOT NULL AND CHAR_LENGTH(vin) = 17
                     GROUP BY vin ORDER BY MAX(insp_date) DESC LIMIT 200) v ON v.vin = i.vin
             WHERE i.dot_number <> c.dot_number),
           NULL FROM c
    UNION ALL
    SELECT 'Virtual / mail-drop address',
           UPPER(CONCAT_WS(' | ', c.phy_street, c.mailing_street)) REGEXP
           'UPS STORE|REGUS|WEWORK|PMB |POSTAL ANNEX|MAIL BOXES ETC|MAILBOX|REGISTERED AGENT|VIRTUAL OFFICE|SUITE #',
           CONCAT_WS(', ', c.phy_street, c.phy_city) FROM c
    UNION ALL
    SELECT 'Authority under 90 days old',
           DATEDIFF(CURDATE(), c.add_date) < 90, CAST(c.add_date AS CHAR) FROM c
    UNION ALL
    SELECT 'Area code does not match business state',
           IF(c.telephone IS NULL OR CHAR_LENGTH(REGEXP_REPLACE(c.telephone,'[^0-9]','')) < 10 OR ac.codes IS NULL,
              NULL,
              FIND_IN_SET(LEFT(RIGHT(REGEXP_REPLACE(c.telephone,'[^0-9]',''), 10), 3), ac.codes) = 0),
           c.telephone
    FROM c LEFT JOIN area_codes ac ON ac.st = c.phy_state
    UNION ALL
    SELECT 'MCS-150 filing gap (24+ months)',
           c.mcs150_date IS NULL OR c.mcs150_date < CURDATE() - INTERVAL 24 MONTH,
           CAST(c.mcs150_date AS CHAR) FROM c
    UNION ALL
    SELECT 'Holds both carrier and broker authority',
           (SELECT MAX(a.broker_stat='A') AND MAX(a.common_stat='A' OR a.contract_stat='A')
              FROM carrier.carrier_authorities a WHERE a.dot_number = c.dot_number),
           NULL FROM c
    UNION ALL
    SELECT 'Primary contact information missing',
           (c.telephone IS NULL OR c.telephone = '') OR (c.email_address IS NULL OR c.email_address = ''),
           NULL FROM c
)
SELECT
    check_name,
    CASE WHEN other_carriers IS NULL THEN 'unknown'
         WHEN other_carriers > 0     THEN 'FLAGGED'
         ELSE 'clear' END               AS state,
    other_carriers                      AS detail_count,   -- carriers sharing the identifier, where applicable
    value,
    -- ""X of N identity/fraud checks failed"" — carried on every row (GR-4:
    -- report the count and the list, never the word ""scam"").
    SUM(other_carriers > 0)  OVER ()    AS checks_failed,
    COUNT(*)                 OVER ()    AS checks_total
FROM signals
ORDER BY (other_carriers > 0) DESC, check_name;",""
"9","A2","Are they real?","Fraud / identity signal report","DOT already in context","@dot","carrier (MySQL 8.4)","A2","Identity checks passed/failed, not a verdict on existence.","SET NAMES utf8mb4 COLLATE utf8mb4_0900_ai_ci;

-- ===== A2 =====
SET @dot := 1749;

WITH c AS (
    SELECT c.*, d.dun_bradstreet_no
    FROM carrier.carriers c
    LEFT JOIN carrier.carrier_details d ON d.dot_number = c.dot_number
    WHERE c.dot_number = @dot
),
area_codes AS (
    SELECT 'AL' st, '205,251,256,334,659,938' codes UNION ALL SELECT 'AK','907' UNION ALL
    SELECT 'AZ','480,520,602,623,928' UNION ALL SELECT 'AR','479,501,870' UNION ALL
    SELECT 'CA','209,213,279,310,323,341,350,408,415,424,442,510,530,559,562,619,626,628,650,657,661,669,707,714,747,760,805,818,820,831,840,858,909,916,925,949,951' UNION ALL
    SELECT 'CO','303,719,720,970,983' UNION ALL SELECT 'CT','203,475,860,959' UNION ALL
    SELECT 'DE','302' UNION ALL SELECT 'DC','202,771' UNION ALL
    SELECT 'FL','239,305,321,352,386,407,448,561,656,689,727,754,772,786,813,850,863,904,941,954' UNION ALL
    SELECT 'GA','229,404,470,478,678,706,762,770,912,943' UNION ALL SELECT 'HI','808' UNION ALL
    SELECT 'ID','208,986' UNION ALL
    SELECT 'IL','217,224,309,312,331,447,464,618,630,708,773,779,815,847,872' UNION ALL
    SELECT 'IN','219,260,317,463,574,765,812,930' UNION ALL SELECT 'IA','319,515,563,641,712' UNION ALL
    SELECT 'KS','316,620,785,913' UNION ALL SELECT 'KY','270,364,502,606,859' UNION ALL
    SELECT 'LA','225,318,337,504,985' UNION ALL SELECT 'ME','207' UNION ALL
    SELECT 'MD','240,301,410,443,667' UNION ALL SELECT 'MA','339,351,413,508,617,774,781,857,978' UNION ALL
    SELECT 'MI','231,248,269,313,517,586,616,679,734,810,906,947,989' UNION ALL
    SELECT 'MN','218,320,507,612,651,763,952' UNION ALL SELECT 'MS','228,601,662,769' UNION ALL
    SELECT 'MO','314,417,557,573,636,660,816,975' UNION ALL SELECT 'MT','406' UNION ALL
    SELECT 'NE','308,402,531' UNION ALL SELECT 'NV','702,725,775' UNION ALL SELECT 'NH','603' UNION ALL
    SELECT 'NJ','201,551,609,640,732,848,856,862,908,973' UNION ALL SELECT 'NM','505,575' UNION ALL
    SELECT 'NY','212,315,332,347,363,516,518,585,607,631,646,680,716,718,838,845,914,917,929,934' UNION ALL
    SELECT 'NC','252,336,472,704,743,828,910,919,980,984' UNION ALL SELECT 'ND','701' UNION ALL
    SELECT 'OH','216,220,234,283,326,330,380,419,440,513,567,614,740,937' UNION ALL
    SELECT 'OK','405,539,572,580,918' UNION ALL SELECT 'OR','458,503,541,971' UNION ALL
    SELECT 'PA','215,223,267,272,412,445,484,570,582,610,717,724,814,835,878' UNION ALL
    SELECT 'RI','401' UNION ALL SELECT 'SC','803,821,839,843,854,864' UNION ALL SELECT 'SD','605' UNION ALL
    SELECT 'TN','423,615,629,731,865,901,931' UNION ALL
    SELECT 'TX','210,214,254,281,325,346,361,409,430,432,469,512,682,713,726,737,806,817,830,832,903,915,936,940,945,956,972,979' UNION ALL
    SELECT 'UT','385,435,801' UNION ALL SELECT 'VT','802' UNION ALL
    SELECT 'VA','276,434,540,571,703,757,804,826,948' UNION ALL SELECT 'WA','206,253,360,425,509,564' UNION ALL
    SELECT 'WV','304,681' UNION ALL SELECT 'WI','262,274,414,534,608,715,920' UNION ALL SELECT 'WY','307'
),
signals AS (
    SELECT 'Shared phone' AS check_name,
           (SELECT COUNT(DISTINCT o.dot_number) FROM carrier.carriers o
             WHERE o.telephone = c.telephone AND c.telephone <> '' AND o.dot_number <> c.dot_number) AS other_carriers,
           c.telephone AS value FROM c
    UNION ALL
    SELECT 'Shared email',
           (SELECT COUNT(DISTINCT o.dot_number) FROM carrier.carriers o
             WHERE o.email_address = c.email_address AND c.email_address <> '' AND o.dot_number <> c.dot_number),
           c.email_address FROM c
    UNION ALL
    SELECT 'Shared physical address',
           (SELECT COUNT(DISTINCT o.dot_number) FROM carrier.carriers o
             WHERE o.phy_street = c.phy_street AND o.phy_city = c.phy_city AND o.phy_state = c.phy_state
               AND CHAR_LENGTH(TRIM(COALESCE(c.phy_street,''))) > 5 AND o.dot_number <> c.dot_number),
           CONCAT_WS(', ', c.phy_street, c.phy_city, c.phy_state) FROM c
    UNION ALL
    SELECT 'Shared DUNS number',
           (SELECT COUNT(DISTINCT o.dot_number) FROM carrier.carrier_details o
             WHERE o.dun_bradstreet_no = c.dun_bradstreet_no
               AND CHAR_LENGTH(TRIM(COALESCE(c.dun_bradstreet_no,''))) > 3 AND o.dot_number <> c.dot_number),
           c.dun_bradstreet_no FROM c
    UNION ALL
    -- VIN lineage: other carriers inspected on this carrier's most recent VINs.
    SELECT 'Equipment (VIN) shared across carriers',
           (SELECT COUNT(DISTINCT i.dot_number)
              FROM carrier.inspections i
              JOIN (SELECT vin FROM carrier.inspections
                     WHERE dot_number = c.dot_number AND vin IS NOT NULL AND CHAR_LENGTH(vin) = 17
                     GROUP BY vin ORDER BY MAX(insp_date) DESC LIMIT 200) v ON v.vin = i.vin
             WHERE i.dot_number <> c.dot_number),
           NULL FROM c
    UNION ALL
    SELECT 'Virtual / mail-drop address',
           UPPER(CONCAT_WS(' | ', c.phy_street, c.mailing_street)) REGEXP
           'UPS STORE|REGUS|WEWORK|PMB |POSTAL ANNEX|MAIL BOXES ETC|MAILBOX|REGISTERED AGENT|VIRTUAL OFFICE|SUITE #',
           CONCAT_WS(', ', c.phy_street, c.phy_city) FROM c
    UNION ALL
    SELECT 'Authority under 90 days old',
           DATEDIFF(CURDATE(), c.add_date) < 90, CAST(c.add_date AS CHAR) FROM c
    UNION ALL
    SELECT 'Area code does not match business state',
           IF(c.telephone IS NULL OR CHAR_LENGTH(REGEXP_REPLACE(c.telephone,'[^0-9]','')) < 10 OR ac.codes IS NULL,
              NULL,
              FIND_IN_SET(LEFT(RIGHT(REGEXP_REPLACE(c.telephone,'[^0-9]',''), 10), 3), ac.codes) = 0),
           c.telephone
    FROM c LEFT JOIN area_codes ac ON ac.st = c.phy_state
    UNION ALL
    SELECT 'MCS-150 filing gap (24+ months)',
           c.mcs150_date IS NULL OR c.mcs150_date < CURDATE() - INTERVAL 24 MONTH,
           CAST(c.mcs150_date AS CHAR) FROM c
    UNION ALL
    SELECT 'Holds both carrier and broker authority',
           (SELECT MAX(a.broker_stat='A') AND MAX(a.common_stat='A' OR a.contract_stat='A')
              FROM carrier.carrier_authorities a WHERE a.dot_number = c.dot_number),
           NULL FROM c
    UNION ALL
    SELECT 'Primary contact information missing',
           (c.telephone IS NULL OR c.telephone = '') OR (c.email_address IS NULL OR c.email_address = ''),
           NULL FROM c
)
SELECT
    check_name,
    CASE WHEN other_carriers IS NULL THEN 'unknown'
         WHEN other_carriers > 0     THEN 'FLAGGED'
         ELSE 'clear' END               AS state,
    other_carriers                      AS detail_count,   -- carriers sharing the identifier, where applicable
    value,
    -- ""X of N identity/fraud checks failed"" — carried on every row (GR-4:
    -- report the count and the list, never the word ""scam"").
    SUM(other_carriers > 0)  OVER ()    AS checks_failed,
    COUNT(*)                 OVER ()    AS checks_total
FROM signals
ORDER BY (other_carriers > 0) DESC, check_name;",""
"10","A3","Pull up Rundlett","Name search / disambiguation","Free-text name","@name='RUNDLETT'","carrier (MySQL 8.4)","A3","If >1 match: table of matches (name, MC/DOT, state, authority, DT Score) then ""Which one?"". If exactly 1: profile summary card. No action until resolved (GR-14).","SET NAMES utf8mb4 COLLATE utf8mb4_0900_ai_ci;

-- ===== A3 =====
SET @name := 'RUNDLETT';

SELECT
    c.dot_number,
    (SELECT GROUP_CONCAT(DISTINCT a.docket_number ORDER BY a.docket_number SEPARATOR ', ')
       FROM carrier.carrier_authorities a WHERE a.dot_number = c.dot_number) AS mc_numbers,
    c.legal_name,
    c.dba_name,
    c.phy_state,
    c.phy_city,
    CONCAT_WS('/',
        NULLIF(CONCAT('Common:',  (SELECT MAX(common_stat)   FROM carrier.carrier_authorities a WHERE a.dot_number = c.dot_number)), 'Common:'),
        NULLIF(CONCAT('Contract:',(SELECT MAX(contract_stat) FROM carrier.carrier_authorities a WHERE a.dot_number = c.dot_number)), 'Contract:'),
        NULLIF(CONCAT('Broker:',  (SELECT MAX(broker_stat)   FROM carrier.carrier_authorities a WHERE a.dot_number = c.dot_number)), 'Broker:')
    )                                                                        AS authority,
    d.status_code                                                            AS usdot_status,
    c.nbr_power_unit                                                         AS power_units
FROM carrier.carriers c
LEFT JOIN carrier.carrier_details d ON d.dot_number = c.dot_number
WHERE c.legal_name LIKE CONCAT('%', @name, '%')
   OR c.dba_name   LIKE CONCAT('%', @name, '%')
ORDER BY (d.status_code = 'A') DESC, c.nbr_power_unit DESC
LIMIT 25;
-- DT Score per match: join newbrokerapi.search_histories separately (A1c) —
-- the two databases are on different servers.",""
"11","A3","Find South Park Motor","Name search / disambiguation","Free-text name","@name='SOUTH PARK MOTOR'","carrier (MySQL 8.4)","A3","Same. DT Score per match needs a second pass on A1c — the two databases are on different servers.","SET NAMES utf8mb4 COLLATE utf8mb4_0900_ai_ci;

-- ===== A3 =====
SET @name := 'RUNDLETT';

SELECT
    c.dot_number,
    (SELECT GROUP_CONCAT(DISTINCT a.docket_number ORDER BY a.docket_number SEPARATOR ', ')
       FROM carrier.carrier_authorities a WHERE a.dot_number = c.dot_number) AS mc_numbers,
    c.legal_name,
    c.dba_name,
    c.phy_state,
    c.phy_city,
    CONCAT_WS('/',
        NULLIF(CONCAT('Common:',  (SELECT MAX(common_stat)   FROM carrier.carrier_authorities a WHERE a.dot_number = c.dot_number)), 'Common:'),
        NULLIF(CONCAT('Contract:',(SELECT MAX(contract_stat) FROM carrier.carrier_authorities a WHERE a.dot_number = c.dot_number)), 'Contract:'),
        NULLIF(CONCAT('Broker:',  (SELECT MAX(broker_stat)   FROM carrier.carrier_authorities a WHERE a.dot_number = c.dot_number)), 'Broker:')
    )                                                                        AS authority,
    d.status_code                                                            AS usdot_status,
    c.nbr_power_unit                                                         AS power_units
FROM carrier.carriers c
LEFT JOIN carrier.carrier_details d ON d.dot_number = c.dot_number
WHERE c.legal_name LIKE CONCAT('%', @name, '%')
   OR c.dba_name   LIKE CONCAT('%', @name, '%')
ORDER BY (d.status_code = 'A') DESC, c.nbr_power_unit DESC
LIMIT 25;
-- DT Score per match: join newbrokerapi.search_histories separately (A1c) —
-- the two databases are on different servers.",""
"12","A4","Compare MC264180 vs MC146672","Side-by-side comparison","Two MC numbers -> DOTs","@q per MC; @dots='dot1,dot2'; @company_id","carrier + newbrokerapi","A0 + A4 + A4-onboarding","Side-by-side table: DT Score, authority, insurance limits + expiry, safety rating, OOS %, crashes, fleet size, years active, fraud signals, onboarding status.","SET NAMES utf8mb4 COLLATE utf8mb4_0900_ai_ci;

-- ===== A0 =====
SET @q := 'MC246530';

SET @q_digits := REGEXP_REPLACE(@q, '[^0-9]', '');

SET @dot := (
    SELECT dot_number FROM (
        -- MC / FF / MX docket number
        SELECT a.dot_number, 1 AS rank_order
        FROM carrier.carrier_authorities a
        WHERE @q_digits <> ''
          AND a.docket_number IN (CONCAT('MC', @q_digits), CONCAT('FF', @q_digits), CONCAT('MX', @q_digits))

        UNION ALL

        -- Bare DOT number
        SELECT c.dot_number, 2
        FROM carrier.carriers c
        WHERE @q_digits <> '' AND c.dot_number = CAST(@q_digits AS UNSIGNED)

        UNION ALL

        -- Email address
        SELECT c.dot_number, 3
        FROM carrier.carriers c
        WHERE @q LIKE '%@%' AND c.email_address = @q

        UNION ALL

        -- Exact legal name / DBA
        SELECT c.dot_number, 4
        FROM carrier.carriers c
        WHERE @q NOT LIKE '%@%' AND @q_digits = ''
          AND (c.legal_name = @q OR c.dba_name = @q)
    ) m
    ORDER BY rank_order
    LIMIT 1
);

SELECT @dot AS resolved_dot;   -- NULL or >1 plausible match => fall through to A3

-- ===== A4 =====
SET @dots := '1749,4161876';

SELECT
    c.dot_number,
    (SELECT GROUP_CONCAT(DISTINCT a.docket_number SEPARATOR ', ')
       FROM carrier.carrier_authorities a WHERE a.dot_number = c.dot_number)  AS mc_numbers,
    c.legal_name,
    (SELECT MAX(a.common_stat='A' OR a.contract_stat='A' OR a.broker_stat='A')
       FROM carrier.carrier_authorities a WHERE a.dot_number = c.dot_number)  AS has_active_authority,
    d.status_code                                                             AS usdot_status,
    (SELECT MAX(CASE WHEN i.mod_col_1 LIKE 'BIPD%'
                      AND (i.cancl_effective_date IS NULL OR i.cancl_effective_date > CURDATE())
                THEN i.max_cov_amount END) * 1000
       FROM carrier.actpendinsur_all_with_history i WHERE i.dot_int = c.dot_number) AS bipd_limit_usd,
    (SELECT MAX(i.mod_col_1 = 'CARGO'
                AND (i.cancl_effective_date IS NULL OR i.cancl_effective_date > CURDATE()))
       FROM carrier.actpendinsur_all_with_history i WHERE i.dot_int = c.dot_number) AS cargo_on_file,
    (SELECT MIN(i.cancl_effective_date)
       FROM carrier.actpendinsur_all_with_history i
      WHERE i.dot_int = c.dot_number AND i.cancl_effective_date > CURDATE())   AS next_insurance_expiry,
    CASE d.safety_rating WHEN 'S' THEN 'Satisfactory' WHEN 'C' THEN 'Conditional'
                         WHEN 'U' THEN 'Unsatisfactory' ELSE 'Not rated' END  AS safety_rating,
    ROUND(100 * sms.driver_oos_insp_total  / NULLIF(sms.driver_insp_total, 0), 1)  AS driver_oos_pct,
    ROUND(100 * sms.vehicle_oos_insp_total / NULLIF(sms.vehicle_insp_total, 0), 1) AS vehicle_oos_pct,
    (SELECT COUNT(*) FROM carrier.crashes cr
      WHERE cr.dot_number = c.dot_number AND cr.report_date >= CURDATE() - INTERVAL 24 MONTH) AS crashes_24mo,
    c.nbr_power_unit                                                          AS fleet_size,
    ROUND(DATEDIFF(CURDATE(), c.add_date) / 365.25, 1)                        AS years_active,
    (SELECT COUNT(*) FROM carrier.carrier_authority_orders o
      WHERE o.dot_number = c.dot_number
        AND o.order2_effective_date > CURDATE() - INTERVAL 36 MONTH)          AS revocations_36mo
FROM carrier.carriers c
LEFT JOIN carrier.carrier_details d ON d.dot_number = c.dot_number
LEFT JOIN carrier.sms_measures  sms ON sms.dot_number = c.dot_number
WHERE FIND_IN_SET(c.dot_number, @dots)
ORDER BY FIND_IN_SET(c.dot_number, @dots);","SET NAMES utf8mb4 COLLATE utf8mb4_unicode_ci;

-- ===== A4-onboarding =====
-- A4-onboarding — onboarding status for the same DOTs (newbrokerapi).
SET @dots := '1749,4161876';
SET @company_id := 5;

SELECT carrier_dot_number, carrier_legal_name, status, created_at, signed_at
FROM carrier_connect_requests
WHERE company_id = @company_id AND FIND_IN_SET(carrier_dot_number, @dots);"
"13","A4","Which is better, Rinella or South Park?","Side-by-side comparison, names not numbers","Two names -> DOTs via A3","@name x2; @dots; @company_id","carrier + newbrokerapi","A3 + A4 + A4-onboarding","Close with ""By your current weights, {X} scores higher ({n} vs {m}). Key difference: {factor}."" ""Better"" is score-relative to the broker weights and must be stated as such (GR-10).","SET NAMES utf8mb4 COLLATE utf8mb4_0900_ai_ci;

-- ===== A3 =====
SET @name := 'RUNDLETT';

SELECT
    c.dot_number,
    (SELECT GROUP_CONCAT(DISTINCT a.docket_number ORDER BY a.docket_number SEPARATOR ', ')
       FROM carrier.carrier_authorities a WHERE a.dot_number = c.dot_number) AS mc_numbers,
    c.legal_name,
    c.dba_name,
    c.phy_state,
    c.phy_city,
    CONCAT_WS('/',
        NULLIF(CONCAT('Common:',  (SELECT MAX(common_stat)   FROM carrier.carrier_authorities a WHERE a.dot_number = c.dot_number)), 'Common:'),
        NULLIF(CONCAT('Contract:',(SELECT MAX(contract_stat) FROM carrier.carrier_authorities a WHERE a.dot_number = c.dot_number)), 'Contract:'),
        NULLIF(CONCAT('Broker:',  (SELECT MAX(broker_stat)   FROM carrier.carrier_authorities a WHERE a.dot_number = c.dot_number)), 'Broker:')
    )                                                                        AS authority,
    d.status_code                                                            AS usdot_status,
    c.nbr_power_unit                                                         AS power_units
FROM carrier.carriers c
LEFT JOIN carrier.carrier_details d ON d.dot_number = c.dot_number
WHERE c.legal_name LIKE CONCAT('%', @name, '%')
   OR c.dba_name   LIKE CONCAT('%', @name, '%')
ORDER BY (d.status_code = 'A') DESC, c.nbr_power_unit DESC
LIMIT 25;
-- DT Score per match: join newbrokerapi.search_histories separately (A1c) —
-- the two databases are on different servers.

-- ===== A4 =====
SET @dots := '1749,4161876';

SELECT
    c.dot_number,
    (SELECT GROUP_CONCAT(DISTINCT a.docket_number SEPARATOR ', ')
       FROM carrier.carrier_authorities a WHERE a.dot_number = c.dot_number)  AS mc_numbers,
    c.legal_name,
    (SELECT MAX(a.common_stat='A' OR a.contract_stat='A' OR a.broker_stat='A')
       FROM carrier.carrier_authorities a WHERE a.dot_number = c.dot_number)  AS has_active_authority,
    d.status_code                                                             AS usdot_status,
    (SELECT MAX(CASE WHEN i.mod_col_1 LIKE 'BIPD%'
                      AND (i.cancl_effective_date IS NULL OR i.cancl_effective_date > CURDATE())
                THEN i.max_cov_amount END) * 1000
       FROM carrier.actpendinsur_all_with_history i WHERE i.dot_int = c.dot_number) AS bipd_limit_usd,
    (SELECT MAX(i.mod_col_1 = 'CARGO'
                AND (i.cancl_effective_date IS NULL OR i.cancl_effective_date > CURDATE()))
       FROM carrier.actpendinsur_all_with_history i WHERE i.dot_int = c.dot_number) AS cargo_on_file,
    (SELECT MIN(i.cancl_effective_date)
       FROM carrier.actpendinsur_all_with_history i
      WHERE i.dot_int = c.dot_number AND i.cancl_effective_date > CURDATE())   AS next_insurance_expiry,
    CASE d.safety_rating WHEN 'S' THEN 'Satisfactory' WHEN 'C' THEN 'Conditional'
                         WHEN 'U' THEN 'Unsatisfactory' ELSE 'Not rated' END  AS safety_rating,
    ROUND(100 * sms.driver_oos_insp_total  / NULLIF(sms.driver_insp_total, 0), 1)  AS driver_oos_pct,
    ROUND(100 * sms.vehicle_oos_insp_total / NULLIF(sms.vehicle_insp_total, 0), 1) AS vehicle_oos_pct,
    (SELECT COUNT(*) FROM carrier.crashes cr
      WHERE cr.dot_number = c.dot_number AND cr.report_date >= CURDATE() - INTERVAL 24 MONTH) AS crashes_24mo,
    c.nbr_power_unit                                                          AS fleet_size,
    ROUND(DATEDIFF(CURDATE(), c.add_date) / 365.25, 1)                        AS years_active,
    (SELECT COUNT(*) FROM carrier.carrier_authority_orders o
      WHERE o.dot_number = c.dot_number
        AND o.order2_effective_date > CURDATE() - INTERVAL 36 MONTH)          AS revocations_36mo
FROM carrier.carriers c
LEFT JOIN carrier.carrier_details d ON d.dot_number = c.dot_number
LEFT JOIN carrier.sms_measures  sms ON sms.dot_number = c.dot_number
WHERE FIND_IN_SET(c.dot_number, @dots)
ORDER BY FIND_IN_SET(c.dot_number, @dots);","SET NAMES utf8mb4 COLLATE utf8mb4_unicode_ci;

-- ===== A4-onboarding =====
-- A4-onboarding — onboarding status for the same DOTs (newbrokerapi).
SET @dots := '1749,4161876';
SET @company_id := 5;

SELECT carrier_dot_number, carrier_legal_name, status, created_at, signed_at
FROM carrier_connect_requests
WHERE company_id = @company_id AND FIND_IN_SET(carrier_dot_number, @dots);"
"14","A5","Who did I vet today?","Vet history, today","n/a","@company_id","newbrokerapi (MariaDB 10.4)","A5","Table: carrier, MC/DOT, DT Score, vetted date, by whom. Tenant-wide, not just the asking user (GR-6).","","SET NAMES utf8mb4 COLLATE utf8mb4_unicode_ci;

-- ===== A5 =====
SET @company_id := 5;

SELECT
    sh.carrier_id                          AS dot_number,
    sh.dt_score,
    sh.updated_at                          AS vetted_at,
    CONCAT(u.first_name, ' ', u.last_name) AS vetted_by,
    u.email                                AS vetted_by_email
FROM search_histories sh
JOIN users u ON u.id = sh.user_id
WHERE sh.company_id = @company_id
  AND sh.updated_at >= CURDATE()                       -- today
-- AND sh.updated_at >= CURDATE() - INTERVAL WEEKDAY(CURDATE()) DAY  -- swap for: this week
ORDER BY sh.updated_at DESC;

-- A5b — ""did anyone on my team already vet this carrier?""
SET @company_id := 5;
SET @dot := 1749;

SELECT
    CONCAT(u.first_name, ' ', u.last_name) AS vetted_by,
    sh.dt_score,
    sh.updated_at                          AS vetted_at
FROM search_histories sh
JOIN users u ON u.id = sh.user_id
WHERE sh.company_id = @company_id AND sh.carrier_id = @dot
ORDER BY sh.updated_at DESC;"
"15","A5","Show this week's vets","Vet history, this week","n/a","@company_id","newbrokerapi (MariaDB 10.4)","A5","Swap the WHERE clause for the commented ""this week"" line inside A5.","","SET NAMES utf8mb4 COLLATE utf8mb4_unicode_ci;

-- ===== A5 =====
SET @company_id := 5;

SELECT
    sh.carrier_id                          AS dot_number,
    sh.dt_score,
    sh.updated_at                          AS vetted_at,
    CONCAT(u.first_name, ' ', u.last_name) AS vetted_by,
    u.email                                AS vetted_by_email
FROM search_histories sh
JOIN users u ON u.id = sh.user_id
WHERE sh.company_id = @company_id
  AND sh.updated_at >= CURDATE()                       -- today
-- AND sh.updated_at >= CURDATE() - INTERVAL WEEKDAY(CURDATE()) DAY  -- swap for: this week
ORDER BY sh.updated_at DESC;

-- A5b — ""did anyone on my team already vet this carrier?""
SET @company_id := 5;
SET @dot := 1749;

SELECT
    CONCAT(u.first_name, ' ', u.last_name) AS vetted_by,
    sh.dt_score,
    sh.updated_at                          AS vetted_at
FROM search_histories sh
JOIN users u ON u.id = sh.user_id
WHERE sh.company_id = @company_id AND sh.carrier_id = @dot
ORDER BY sh.updated_at DESC;"
"16","A5","Did anyone on my team vet Norbet already?","Vet history for one carrier","Name -> DOT","@name; @dot; @company_id","carrier + newbrokerapi","A3 + A5","A5b (inside the A5 block) returns who vetted it, the score, and when — across the whole tenant.","SET NAMES utf8mb4 COLLATE utf8mb4_0900_ai_ci;

-- ===== A3 =====
SET @name := 'RUNDLETT';

SELECT
    c.dot_number,
    (SELECT GROUP_CONCAT(DISTINCT a.docket_number ORDER BY a.docket_number SEPARATOR ', ')
       FROM carrier.carrier_authorities a WHERE a.dot_number = c.dot_number) AS mc_numbers,
    c.legal_name,
    c.dba_name,
    c.phy_state,
    c.phy_city,
    CONCAT_WS('/',
        NULLIF(CONCAT('Common:',  (SELECT MAX(common_stat)   FROM carrier.carrier_authorities a WHERE a.dot_number = c.dot_number)), 'Common:'),
        NULLIF(CONCAT('Contract:',(SELECT MAX(contract_stat) FROM carrier.carrier_authorities a WHERE a.dot_number = c.dot_number)), 'Contract:'),
        NULLIF(CONCAT('Broker:',  (SELECT MAX(broker_stat)   FROM carrier.carrier_authorities a WHERE a.dot_number = c.dot_number)), 'Broker:')
    )                                                                        AS authority,
    d.status_code                                                            AS usdot_status,
    c.nbr_power_unit                                                         AS power_units
FROM carrier.carriers c
LEFT JOIN carrier.carrier_details d ON d.dot_number = c.dot_number
WHERE c.legal_name LIKE CONCAT('%', @name, '%')
   OR c.dba_name   LIKE CONCAT('%', @name, '%')
ORDER BY (d.status_code = 'A') DESC, c.nbr_power_unit DESC
LIMIT 25;
-- DT Score per match: join newbrokerapi.search_histories separately (A1c) —
-- the two databases are on different servers.","SET NAMES utf8mb4 COLLATE utf8mb4_unicode_ci;

-- ===== A5 =====
SET @company_id := 5;

SELECT
    sh.carrier_id                          AS dot_number,
    sh.dt_score,
    sh.updated_at                          AS vetted_at,
    CONCAT(u.first_name, ' ', u.last_name) AS vetted_by,
    u.email                                AS vetted_by_email
FROM search_histories sh
JOIN users u ON u.id = sh.user_id
WHERE sh.company_id = @company_id
  AND sh.updated_at >= CURDATE()                       -- today
-- AND sh.updated_at >= CURDATE() - INTERVAL WEEKDAY(CURDATE()) DAY  -- swap for: this week
ORDER BY sh.updated_at DESC;

-- A5b — ""did anyone on my team already vet this carrier?""
SET @company_id := 5;
SET @dot := 1749;

SELECT
    CONCAT(u.first_name, ' ', u.last_name) AS vetted_by,
    sh.dt_score,
    sh.updated_at                          AS vetted_at
FROM search_histories sh
JOIN users u ON u.id = sh.user_id
WHERE sh.company_id = @company_id AND sh.carrier_id = @dot
ORDER BY sh.updated_at DESC;"
"17","A6","Vet these: MC264180, MC146672, MC246530, MC1102425, MC136530","Bulk vet","MC list -> DOT list","@mc_list","carrier (MySQL 8.4)","A6","Result table with hard-stops flagged first. Over ~10 carriers, run as a T2 batch job against the target list rather than inline.","SET NAMES utf8mb4 COLLATE utf8mb4_0900_ai_ci;

-- ===== A6 =====
SET @mc_list := 'MC246530,MC1246530';   -- or set @dot_list directly

WITH wanted AS (
    SELECT DISTINCT a.dot_number
    FROM carrier.carrier_authorities a
    WHERE FIND_IN_SET(a.docket_number, @mc_list)
),
scored AS (
    SELECT
        c.dot_number,
        (SELECT GROUP_CONCAT(DISTINCT a.docket_number SEPARATOR ', ')
           FROM carrier.carrier_authorities a WHERE a.dot_number = c.dot_number)   AS mc_numbers,
        c.legal_name,
        d.status_code,
        d.safety_rating,
        c.add_date,
        (SELECT MAX(a.common_stat='A' OR a.contract_stat='A' OR a.broker_stat='A')
           FROM carrier.carrier_authorities a WHERE a.dot_number = c.dot_number)   AS has_active_authority,
        (SELECT MAX(CAST(NULLIF(a.min_cov_amount,'') AS UNSIGNED))
           FROM carrier.carrier_authorities a WHERE a.dot_number = c.dot_number)   AS bipd_required_k,
        (SELECT COUNT(*) FROM carrier.carrier_oos_orders o
          WHERE o.dot_number = c.dot_number AND o.status = 'ACTIVE' AND o.rescind_date IS NULL) AS active_oos,
        (SELECT COUNT(*) FROM carrier.carrier_authority_orders o
          WHERE o.dot_number = c.dot_number
            AND o.order2_effective_date > CURDATE() - INTERVAL 36 MONTH)           AS revocations_36mo,
        (SELECT MAX(CASE WHEN i.mod_col_1 LIKE 'BIPD%'
                          AND (i.cancl_effective_date IS NULL OR i.cancl_effective_date > CURDATE())
                    THEN i.max_cov_amount END)
           FROM carrier.actpendinsur_all_with_history i WHERE i.dot_int = c.dot_number) AS bipd_k
    FROM carrier.carriers c
    JOIN wanted w ON w.dot_number = c.dot_number
    LEFT JOIN carrier.carrier_details d ON d.dot_number = c.dot_number
)
SELECT
    CASE
        WHEN status_code <> 'A'                     THEN 'HARD-STOP'
        WHEN has_active_authority = 0               THEN 'HARD-STOP'
        WHEN active_oos > 0                         THEN 'HARD-STOP'
        WHEN safety_rating IN ('U','C')             THEN 'HARD-STOP'
        WHEN revocations_36mo > 0                   THEN 'HARD-STOP'
        WHEN bipd_k IS NULL                         THEN 'HARD-STOP'
        WHEN bipd_k < bipd_required_k               THEN 'HARD-STOP'
        WHEN DATEDIFF(CURDATE(), add_date) < 90     THEN 'HARD-STOP'
        ELSE 'REVIEW / PASS — run A1 for the full gate'
    END                                             AS verdict,
    mc_numbers, dot_number, legal_name, status_code, safety_rating,
    bipd_k * 1000                                   AS bipd_limit_usd,
    revocations_36mo, active_oos,
    ROUND(DATEDIFF(CURDATE(), add_date) / 365.25, 1) AS years_active
FROM scored
ORDER BY verdict = 'HARD-STOP' DESC, legal_name;


-- ============================================================================
-- SECTION B — CARRIER PROFILE FACTS
-- ============================================================================",""
"18","B1","Does MC246530 have active authority?","Authority status","MC -> DOT","@q; @dot","carrier (MySQL 8.4)","A0 + B1","""{name}: Common — {status}, Contract — {status}, Broker — {status}. Operation: {type}. Authority history: {uninterrupted|interrupted, revocations in last 36 months: n}. Source: FMCSA sync {date}."" If revoked/inactive and the question is booking-adjacent, use the GR-9 gate framing.","SET NAMES utf8mb4 COLLATE utf8mb4_0900_ai_ci;

-- ===== A0 =====
SET @q := 'MC246530';

SET @q_digits := REGEXP_REPLACE(@q, '[^0-9]', '');

SET @dot := (
    SELECT dot_number FROM (
        -- MC / FF / MX docket number
        SELECT a.dot_number, 1 AS rank_order
        FROM carrier.carrier_authorities a
        WHERE @q_digits <> ''
          AND a.docket_number IN (CONCAT('MC', @q_digits), CONCAT('FF', @q_digits), CONCAT('MX', @q_digits))

        UNION ALL

        -- Bare DOT number
        SELECT c.dot_number, 2
        FROM carrier.carriers c
        WHERE @q_digits <> '' AND c.dot_number = CAST(@q_digits AS UNSIGNED)

        UNION ALL

        -- Email address
        SELECT c.dot_number, 3
        FROM carrier.carriers c
        WHERE @q LIKE '%@%' AND c.email_address = @q

        UNION ALL

        -- Exact legal name / DBA
        SELECT c.dot_number, 4
        FROM carrier.carriers c
        WHERE @q NOT LIKE '%@%' AND @q_digits = ''
          AND (c.legal_name = @q OR c.dba_name = @q)
    ) m
    ORDER BY rank_order
    LIMIT 1
);

SELECT @dot AS resolved_dot;   -- NULL or >1 plausible match => fall through to A3

-- ===== B1 =====
SET @dot := 1749;

SELECT
    c.legal_name,
    a.docket_number,
    CASE a.common_stat   WHEN 'A' THEN 'Active' WHEN 'I' THEN 'Inactive' WHEN 'N' THEN 'None'
                         WHEN 'P' THEN 'Pending' ELSE a.common_stat END   AS common_authority,
    CASE a.contract_stat WHEN 'A' THEN 'Active' WHEN 'I' THEN 'Inactive' WHEN 'N' THEN 'None'
                         WHEN 'P' THEN 'Pending' ELSE a.contract_stat END AS contract_authority,
    CASE a.broker_stat   WHEN 'A' THEN 'Active' WHEN 'I' THEN 'Inactive' WHEN 'N' THEN 'None'
                         WHEN 'P' THEN 'Pending' ELSE a.broker_stat END   AS broker_authority,
    a.common_rev_pend, a.contract_rev_pend, a.broker_rev_pend,            -- revocation pending flags
    CASE c.carrier_operation
        WHEN 'A' THEN 'Interstate'
        WHEN 'B' THEN 'Intrastate Hazmat'
        WHEN 'C' THEN 'Intrastate Non-Hazmat'
        ELSE c.carrier_operation END                                      AS operation,
    d.status_code                                                         AS usdot_status,
    (SELECT COUNT(*) FROM carrier.carrier_authority_orders o
      WHERE o.dot_number = c.dot_number)                                  AS authority_orders_all_time,
    (SELECT COUNT(*) FROM carrier.carrier_authority_orders o
      WHERE o.dot_number = c.dot_number
        AND o.order2_effective_date > CURDATE() - INTERVAL 36 MONTH)      AS revocations_last_36mo,
    IF((SELECT COUNT(*) FROM carrier.carrier_authority_orders o WHERE o.dot_number = c.dot_number) = 0,
       'uninterrupted', 'interrupted')                                    AS authority_history,
    GREATEST(COALESCE(c.updated_at,'1970-01-01'), COALESCE(a.updated_at,'1970-01-01')) AS fmcsa_synced_at
FROM carrier.carriers c
LEFT JOIN carrier.carrier_authorities a ON a.dot_number = c.dot_number
LEFT JOIN carrier.carrier_details     d ON d.dot_number = c.dot_number
WHERE c.dot_number = @dot;

-- B1b — the authority event log behind ""interrupted"".
SELECT docket_number, type_license, order1_serve_date, order2_type_desc, order2_effective_date
FROM carrier.carrier_authority_orders
WHERE dot_number = @dot
ORDER BY order2_effective_date DESC;

-- A revocation that was later discontinued is not a live revocation — read
-- disp_action_desc before quoting original_action_desc back to the broker.
SELECT docket_number, op_auth_type, original_action_desc, orig_served_date,
       disp_action_desc, disp_decided_date, disp_served_date,
       IF(disp_action_desc LIKE 'DISCONTINUED%', 'discontinued', 'stands') AS outcome
FROM carrier.carrier_authority_history
WHERE dot_number = @dot
ORDER BY orig_served_date DESC;",""
"19","B1","Is their broker authority active?","Authority status, broker leg only","DOT in context","@dot","carrier (MySQL 8.4)","B1","Read broker_authority. Note: carrier + broker authority together is a double-broker risk and shows in A2.","SET NAMES utf8mb4 COLLATE utf8mb4_0900_ai_ci;

-- ===== B1 =====
SET @dot := 1749;

SELECT
    c.legal_name,
    a.docket_number,
    CASE a.common_stat   WHEN 'A' THEN 'Active' WHEN 'I' THEN 'Inactive' WHEN 'N' THEN 'None'
                         WHEN 'P' THEN 'Pending' ELSE a.common_stat END   AS common_authority,
    CASE a.contract_stat WHEN 'A' THEN 'Active' WHEN 'I' THEN 'Inactive' WHEN 'N' THEN 'None'
                         WHEN 'P' THEN 'Pending' ELSE a.contract_stat END AS contract_authority,
    CASE a.broker_stat   WHEN 'A' THEN 'Active' WHEN 'I' THEN 'Inactive' WHEN 'N' THEN 'None'
                         WHEN 'P' THEN 'Pending' ELSE a.broker_stat END   AS broker_authority,
    a.common_rev_pend, a.contract_rev_pend, a.broker_rev_pend,            -- revocation pending flags
    CASE c.carrier_operation
        WHEN 'A' THEN 'Interstate'
        WHEN 'B' THEN 'Intrastate Hazmat'
        WHEN 'C' THEN 'Intrastate Non-Hazmat'
        ELSE c.carrier_operation END                                      AS operation,
    d.status_code                                                         AS usdot_status,
    (SELECT COUNT(*) FROM carrier.carrier_authority_orders o
      WHERE o.dot_number = c.dot_number)                                  AS authority_orders_all_time,
    (SELECT COUNT(*) FROM carrier.carrier_authority_orders o
      WHERE o.dot_number = c.dot_number
        AND o.order2_effective_date > CURDATE() - INTERVAL 36 MONTH)      AS revocations_last_36mo,
    IF((SELECT COUNT(*) FROM carrier.carrier_authority_orders o WHERE o.dot_number = c.dot_number) = 0,
       'uninterrupted', 'interrupted')                                    AS authority_history,
    GREATEST(COALESCE(c.updated_at,'1970-01-01'), COALESCE(a.updated_at,'1970-01-01')) AS fmcsa_synced_at
FROM carrier.carriers c
LEFT JOIN carrier.carrier_authorities a ON a.dot_number = c.dot_number
LEFT JOIN carrier.carrier_details     d ON d.dot_number = c.dot_number
WHERE c.dot_number = @dot;

-- B1b — the authority event log behind ""interrupted"".
SELECT docket_number, type_license, order1_serve_date, order2_type_desc, order2_effective_date
FROM carrier.carrier_authority_orders
WHERE dot_number = @dot
ORDER BY order2_effective_date DESC;

-- A revocation that was later discontinued is not a live revocation — read
-- disp_action_desc before quoting original_action_desc back to the broker.
SELECT docket_number, op_auth_type, original_action_desc, orig_served_date,
       disp_action_desc, disp_decided_date, disp_served_date,
       IF(disp_action_desc LIKE 'DISCONTINUED%', 'discontinued', 'stands') AS outcome
FROM carrier.carrier_authority_history
WHERE dot_number = @dot
ORDER BY orig_served_date DESC;",""
"20","B1","What operation type are they?","Operation classification","DOT in context","@dot","carrier (MySQL 8.4)","B1","operation column: Interstate / Intrastate Hazmat / Intrastate Non-Hazmat.","SET NAMES utf8mb4 COLLATE utf8mb4_0900_ai_ci;

-- ===== B1 =====
SET @dot := 1749;

SELECT
    c.legal_name,
    a.docket_number,
    CASE a.common_stat   WHEN 'A' THEN 'Active' WHEN 'I' THEN 'Inactive' WHEN 'N' THEN 'None'
                         WHEN 'P' THEN 'Pending' ELSE a.common_stat END   AS common_authority,
    CASE a.contract_stat WHEN 'A' THEN 'Active' WHEN 'I' THEN 'Inactive' WHEN 'N' THEN 'None'
                         WHEN 'P' THEN 'Pending' ELSE a.contract_stat END AS contract_authority,
    CASE a.broker_stat   WHEN 'A' THEN 'Active' WHEN 'I' THEN 'Inactive' WHEN 'N' THEN 'None'
                         WHEN 'P' THEN 'Pending' ELSE a.broker_stat END   AS broker_authority,
    a.common_rev_pend, a.contract_rev_pend, a.broker_rev_pend,            -- revocation pending flags
    CASE c.carrier_operation
        WHEN 'A' THEN 'Interstate'
        WHEN 'B' THEN 'Intrastate Hazmat'
        WHEN 'C' THEN 'Intrastate Non-Hazmat'
        ELSE c.carrier_operation END                                      AS operation,
    d.status_code                                                         AS usdot_status,
    (SELECT COUNT(*) FROM carrier.carrier_authority_orders o
      WHERE o.dot_number = c.dot_number)                                  AS authority_orders_all_time,
    (SELECT COUNT(*) FROM carrier.carrier_authority_orders o
      WHERE o.dot_number = c.dot_number
        AND o.order2_effective_date > CURDATE() - INTERVAL 36 MONTH)      AS revocations_last_36mo,
    IF((SELECT COUNT(*) FROM carrier.carrier_authority_orders o WHERE o.dot_number = c.dot_number) = 0,
       'uninterrupted', 'interrupted')                                    AS authority_history,
    GREATEST(COALESCE(c.updated_at,'1970-01-01'), COALESCE(a.updated_at,'1970-01-01')) AS fmcsa_synced_at
FROM carrier.carriers c
LEFT JOIN carrier.carrier_authorities a ON a.dot_number = c.dot_number
LEFT JOIN carrier.carrier_details     d ON d.dot_number = c.dot_number
WHERE c.dot_number = @dot;

-- B1b — the authority event log behind ""interrupted"".
SELECT docket_number, type_license, order1_serve_date, order2_type_desc, order2_effective_date
FROM carrier.carrier_authority_orders
WHERE dot_number = @dot
ORDER BY order2_effective_date DESC;

-- A revocation that was later discontinued is not a live revocation — read
-- disp_action_desc before quoting original_action_desc back to the broker.
SELECT docket_number, op_auth_type, original_action_desc, orig_served_date,
       disp_action_desc, disp_decided_date, disp_served_date,
       IF(disp_action_desc LIKE 'DISCONTINUED%', 'discontinued', 'stands') AS outcome
FROM carrier.carrier_authority_history
WHERE dot_number = @dot
ORDER BY orig_served_date DESC;",""
"21","B2","How long have they been in business?","Age of authority","DOT in context","@dot","carrier (MySQL 8.4)","B2","years_active, authority_granted, five_plus_years flag.","SET NAMES utf8mb4 COLLATE utf8mb4_0900_ai_ci;

-- ===== B2 =====
SET @dot := 1749;

SELECT
    c.legal_name,
    c.add_date                                                            AS authority_granted,
    ROUND(DATEDIFF(CURDATE(), c.add_date) / 365.25, 1)                    AS years_active,
    DATEDIFF(CURDATE(), c.add_date)                                       AS days_active,
    DATEDIFF(CURDATE(), c.add_date) < 90                                  AS authority_under_90_days,   -- gate-relevant
    DATEDIFF(CURDATE(), c.add_date) >= 1826                               AS five_plus_years,
    (SELECT COUNT(*) FROM carrier.carrier_authority_orders o
      WHERE o.dot_number = c.dot_number
        AND o.order2_effective_date > CURDATE() - INTERVAL 36 MONTH)      AS revocations_last_36mo,
    (SELECT COUNT(*) FROM carrier.carrier_authority_orders o
      WHERE o.dot_number = c.dot_number)                                  AS revocations_all_time,
    d.prior_revoke_flag,
    d.prior_revoke_dot_number                                             AS prior_dot_if_reincarnated,
    c.mcs150_date,
    c.mcs150_date > CURDATE() - INTERVAL 24 MONTH                         AS mcs150_current,
    TIMESTAMPDIFF(MONTH, c.mcs150_date, CURDATE())                        AS months_since_mcs150,
    (SELECT COUNT(*) FROM carrier.carrier_contacts x WHERE x.dot_number = c.dot_number) > 0 AS boc3_on_file
FROM carrier.carriers c
LEFT JOIN carrier.carrier_details d ON d.dot_number = c.dot_number
WHERE c.dot_number = @dot;",""
"22","B2","Any revocations?","Revocation history","DOT in context","@dot","carrier (MySQL 8.4)","B2 + B1","B2 gives the counts; B1b gives the event log. A revocation later discontinued is not a live revocation — read the outcome column before quoting original_action_desc.","SET NAMES utf8mb4 COLLATE utf8mb4_0900_ai_ci;

-- ===== B2 =====
SET @dot := 1749;

SELECT
    c.legal_name,
    c.add_date                                                            AS authority_granted,
    ROUND(DATEDIFF(CURDATE(), c.add_date) / 365.25, 1)                    AS years_active,
    DATEDIFF(CURDATE(), c.add_date)                                       AS days_active,
    DATEDIFF(CURDATE(), c.add_date) < 90                                  AS authority_under_90_days,   -- gate-relevant
    DATEDIFF(CURDATE(), c.add_date) >= 1826                               AS five_plus_years,
    (SELECT COUNT(*) FROM carrier.carrier_authority_orders o
      WHERE o.dot_number = c.dot_number
        AND o.order2_effective_date > CURDATE() - INTERVAL 36 MONTH)      AS revocations_last_36mo,
    (SELECT COUNT(*) FROM carrier.carrier_authority_orders o
      WHERE o.dot_number = c.dot_number)                                  AS revocations_all_time,
    d.prior_revoke_flag,
    d.prior_revoke_dot_number                                             AS prior_dot_if_reincarnated,
    c.mcs150_date,
    c.mcs150_date > CURDATE() - INTERVAL 24 MONTH                         AS mcs150_current,
    TIMESTAMPDIFF(MONTH, c.mcs150_date, CURDATE())                        AS months_since_mcs150,
    (SELECT COUNT(*) FROM carrier.carrier_contacts x WHERE x.dot_number = c.dot_number) > 0 AS boc3_on_file
FROM carrier.carriers c
LEFT JOIN carrier.carrier_details d ON d.dot_number = c.dot_number
WHERE c.dot_number = @dot;

-- ===== B1 =====
SET @dot := 1749;

SELECT
    c.legal_name,
    a.docket_number,
    CASE a.common_stat   WHEN 'A' THEN 'Active' WHEN 'I' THEN 'Inactive' WHEN 'N' THEN 'None'
                         WHEN 'P' THEN 'Pending' ELSE a.common_stat END   AS common_authority,
    CASE a.contract_stat WHEN 'A' THEN 'Active' WHEN 'I' THEN 'Inactive' WHEN 'N' THEN 'None'
                         WHEN 'P' THEN 'Pending' ELSE a.contract_stat END AS contract_authority,
    CASE a.broker_stat   WHEN 'A' THEN 'Active' WHEN 'I' THEN 'Inactive' WHEN 'N' THEN 'None'
                         WHEN 'P' THEN 'Pending' ELSE a.broker_stat END   AS broker_authority,
    a.common_rev_pend, a.contract_rev_pend, a.broker_rev_pend,            -- revocation pending flags
    CASE c.carrier_operation
        WHEN 'A' THEN 'Interstate'
        WHEN 'B' THEN 'Intrastate Hazmat'
        WHEN 'C' THEN 'Intrastate Non-Hazmat'
        ELSE c.carrier_operation END                                      AS operation,
    d.status_code                                                         AS usdot_status,
    (SELECT COUNT(*) FROM carrier.carrier_authority_orders o
      WHERE o.dot_number = c.dot_number)                                  AS authority_orders_all_time,
    (SELECT COUNT(*) FROM carrier.carrier_authority_orders o
      WHERE o.dot_number = c.dot_number
        AND o.order2_effective_date > CURDATE() - INTERVAL 36 MONTH)      AS revocations_last_36mo,
    IF((SELECT COUNT(*) FROM carrier.carrier_authority_orders o WHERE o.dot_number = c.dot_number) = 0,
       'uninterrupted', 'interrupted')                                    AS authority_history,
    GREATEST(COALESCE(c.updated_at,'1970-01-01'), COALESCE(a.updated_at,'1970-01-01')) AS fmcsa_synced_at
FROM carrier.carriers c
LEFT JOIN carrier.carrier_authorities a ON a.dot_number = c.dot_number
LEFT JOIN carrier.carrier_details     d ON d.dot_number = c.dot_number
WHERE c.dot_number = @dot;

-- B1b — the authority event log behind ""interrupted"".
SELECT docket_number, type_license, order1_serve_date, order2_type_desc, order2_effective_date
FROM carrier.carrier_authority_orders
WHERE dot_number = @dot
ORDER BY order2_effective_date DESC;

-- A revocation that was later discontinued is not a live revocation — read
-- disp_action_desc before quoting original_action_desc back to the broker.
SELECT docket_number, op_auth_type, original_action_desc, orig_served_date,
       disp_action_desc, disp_decided_date, disp_served_date,
       IF(disp_action_desc LIKE 'DISCONTINUED%', 'discontinued', 'stands') AS outcome
FROM carrier.carrier_authority_history
WHERE dot_number = @dot
ORDER BY orig_served_date DESC;",""
"23","B2","Is their authority new?","Authority age, gate-relevant","DOT in context","@dot","carrier (MySQL 8.4)","B2","authority_under_90_days is the gate-relevant flag; under 90 days is a hard-stop in A1.","SET NAMES utf8mb4 COLLATE utf8mb4_0900_ai_ci;

-- ===== B2 =====
SET @dot := 1749;

SELECT
    c.legal_name,
    c.add_date                                                            AS authority_granted,
    ROUND(DATEDIFF(CURDATE(), c.add_date) / 365.25, 1)                    AS years_active,
    DATEDIFF(CURDATE(), c.add_date)                                       AS days_active,
    DATEDIFF(CURDATE(), c.add_date) < 90                                  AS authority_under_90_days,   -- gate-relevant
    DATEDIFF(CURDATE(), c.add_date) >= 1826                               AS five_plus_years,
    (SELECT COUNT(*) FROM carrier.carrier_authority_orders o
      WHERE o.dot_number = c.dot_number
        AND o.order2_effective_date > CURDATE() - INTERVAL 36 MONTH)      AS revocations_last_36mo,
    (SELECT COUNT(*) FROM carrier.carrier_authority_orders o
      WHERE o.dot_number = c.dot_number)                                  AS revocations_all_time,
    d.prior_revoke_flag,
    d.prior_revoke_dot_number                                             AS prior_dot_if_reincarnated,
    c.mcs150_date,
    c.mcs150_date > CURDATE() - INTERVAL 24 MONTH                         AS mcs150_current,
    TIMESTAMPDIFF(MONTH, c.mcs150_date, CURDATE())                        AS months_since_mcs150,
    (SELECT COUNT(*) FROM carrier.carrier_contacts x WHERE x.dot_number = c.dot_number) > 0 AS boc3_on_file
FROM carrier.carriers c
LEFT JOIN carrier.carrier_details d ON d.dot_number = c.dot_number
WHERE c.dot_number = @dot;",""
"24","B3","What's Rundlett's dispatch number?","Contact info","Name -> DOT","@name; @dot","carrier (MySQL 8.4)","A3 + B3","Dispatch phone, plus the identity note: ""Phone/email unique to this carrier: yes/no."" A shared phone is a fraud signal the broker must see before calling (GR-7).","SET NAMES utf8mb4 COLLATE utf8mb4_0900_ai_ci;

-- ===== A3 =====
SET @name := 'RUNDLETT';

SELECT
    c.dot_number,
    (SELECT GROUP_CONCAT(DISTINCT a.docket_number ORDER BY a.docket_number SEPARATOR ', ')
       FROM carrier.carrier_authorities a WHERE a.dot_number = c.dot_number) AS mc_numbers,
    c.legal_name,
    c.dba_name,
    c.phy_state,
    c.phy_city,
    CONCAT_WS('/',
        NULLIF(CONCAT('Common:',  (SELECT MAX(common_stat)   FROM carrier.carrier_authorities a WHERE a.dot_number = c.dot_number)), 'Common:'),
        NULLIF(CONCAT('Contract:',(SELECT MAX(contract_stat) FROM carrier.carrier_authorities a WHERE a.dot_number = c.dot_number)), 'Contract:'),
        NULLIF(CONCAT('Broker:',  (SELECT MAX(broker_stat)   FROM carrier.carrier_authorities a WHERE a.dot_number = c.dot_number)), 'Broker:')
    )                                                                        AS authority,
    d.status_code                                                            AS usdot_status,
    c.nbr_power_unit                                                         AS power_units
FROM carrier.carriers c
LEFT JOIN carrier.carrier_details d ON d.dot_number = c.dot_number
WHERE c.legal_name LIKE CONCAT('%', @name, '%')
   OR c.dba_name   LIKE CONCAT('%', @name, '%')
ORDER BY (d.status_code = 'A') DESC, c.nbr_power_unit DESC
LIMIT 25;
-- DT Score per match: join newbrokerapi.search_histories separately (A1c) —
-- the two databases are on different servers.

-- ===== B3 =====
SET @dot := 1749;

SELECT
    c.legal_name,
    COALESCE(NULLIF(c.telephone, ''), d.phone)                            AS dispatch_phone,
    d.cell_phone,
    c.fax,
    c.email_address                                                       AS official_email,
    CONCAT_WS(', ', c.phy_street, c.phy_city, c.phy_state, c.phy_zip)     AS physical_address,
    CONCAT_WS(', ', c.mailing_street, c.mailing_city, c.mailing_state, c.mailing_zip) AS mailing_address,
    d.company_officer_1, d.company_officer_2,

    -- identity notes
    (SELECT COUNT(DISTINCT o.dot_number) FROM carrier.carriers o
      WHERE o.telephone = c.telephone AND c.telephone <> '' AND o.dot_number <> c.dot_number)
                                                                          AS other_carriers_same_phone,
    (SELECT COUNT(DISTINCT o.dot_number) FROM carrier.carriers o
      WHERE o.email_address = c.email_address AND c.email_address <> '' AND o.dot_number <> c.dot_number)
                                                                          AS other_carriers_same_email,
    (SELECT COUNT(DISTINCT o.dot_number) FROM carrier.carriers o
      WHERE o.phy_street = c.phy_street AND o.phy_city = c.phy_city AND o.phy_state = c.phy_state
        AND CHAR_LENGTH(TRIM(COALESCE(c.phy_street,''))) > 5 AND o.dot_number <> c.dot_number)
                                                                          AS other_carriers_same_address,
    UPPER(CONCAT_WS(' | ', c.phy_street, c.mailing_street)) REGEXP
        'UPS STORE|REGUS|WEWORK|PMB |POSTAL ANNEX|MAIL BOXES ETC|MAILBOX|REGISTERED AGENT|VIRTUAL OFFICE|SUITE #'
                                                                          AS address_looks_virtual,
    c.updated_at                                                          AS fmcsa_synced_at
FROM carrier.carriers c
LEFT JOIN carrier.carrier_details d ON d.dot_number = c.dot_number
WHERE c.dot_number = @dot;

-- B3b — who else uses the shared identifier (only when the counts above are > 0).
SELECT o.dot_number, o.legal_name, o.phy_city, o.phy_state
FROM carrier.carriers o
JOIN carrier.carriers c ON c.dot_number = @dot
WHERE o.dot_number <> c.dot_number
  AND (o.telephone = NULLIF(c.telephone, '') OR o.email_address = NULLIF(c.email_address, ''))
LIMIT 50;",""
"25","B3","Email for MC246530?","Contact info","MC -> DOT","@q; @dot","carrier (MySQL 8.4)","A0 + B3","official_email + other_carriers_same_email. B3b lists who else uses it.","SET NAMES utf8mb4 COLLATE utf8mb4_0900_ai_ci;

-- ===== A0 =====
SET @q := 'MC246530';

SET @q_digits := REGEXP_REPLACE(@q, '[^0-9]', '');

SET @dot := (
    SELECT dot_number FROM (
        -- MC / FF / MX docket number
        SELECT a.dot_number, 1 AS rank_order
        FROM carrier.carrier_authorities a
        WHERE @q_digits <> ''
          AND a.docket_number IN (CONCAT('MC', @q_digits), CONCAT('FF', @q_digits), CONCAT('MX', @q_digits))

        UNION ALL

        -- Bare DOT number
        SELECT c.dot_number, 2
        FROM carrier.carriers c
        WHERE @q_digits <> '' AND c.dot_number = CAST(@q_digits AS UNSIGNED)

        UNION ALL

        -- Email address
        SELECT c.dot_number, 3
        FROM carrier.carriers c
        WHERE @q LIKE '%@%' AND c.email_address = @q

        UNION ALL

        -- Exact legal name / DBA
        SELECT c.dot_number, 4
        FROM carrier.carriers c
        WHERE @q NOT LIKE '%@%' AND @q_digits = ''
          AND (c.legal_name = @q OR c.dba_name = @q)
    ) m
    ORDER BY rank_order
    LIMIT 1
);

SELECT @dot AS resolved_dot;   -- NULL or >1 plausible match => fall through to A3

-- ===== B3 =====
SET @dot := 1749;

SELECT
    c.legal_name,
    COALESCE(NULLIF(c.telephone, ''), d.phone)                            AS dispatch_phone,
    d.cell_phone,
    c.fax,
    c.email_address                                                       AS official_email,
    CONCAT_WS(', ', c.phy_street, c.phy_city, c.phy_state, c.phy_zip)     AS physical_address,
    CONCAT_WS(', ', c.mailing_street, c.mailing_city, c.mailing_state, c.mailing_zip) AS mailing_address,
    d.company_officer_1, d.company_officer_2,

    -- identity notes
    (SELECT COUNT(DISTINCT o.dot_number) FROM carrier.carriers o
      WHERE o.telephone = c.telephone AND c.telephone <> '' AND o.dot_number <> c.dot_number)
                                                                          AS other_carriers_same_phone,
    (SELECT COUNT(DISTINCT o.dot_number) FROM carrier.carriers o
      WHERE o.email_address = c.email_address AND c.email_address <> '' AND o.dot_number <> c.dot_number)
                                                                          AS other_carriers_same_email,
    (SELECT COUNT(DISTINCT o.dot_number) FROM carrier.carriers o
      WHERE o.phy_street = c.phy_street AND o.phy_city = c.phy_city AND o.phy_state = c.phy_state
        AND CHAR_LENGTH(TRIM(COALESCE(c.phy_street,''))) > 5 AND o.dot_number <> c.dot_number)
                                                                          AS other_carriers_same_address,
    UPPER(CONCAT_WS(' | ', c.phy_street, c.mailing_street)) REGEXP
        'UPS STORE|REGUS|WEWORK|PMB |POSTAL ANNEX|MAIL BOXES ETC|MAILBOX|REGISTERED AGENT|VIRTUAL OFFICE|SUITE #'
                                                                          AS address_looks_virtual,
    c.updated_at                                                          AS fmcsa_synced_at
FROM carrier.carriers c
LEFT JOIN carrier.carrier_details d ON d.dot_number = c.dot_number
WHERE c.dot_number = @dot;

-- B3b — who else uses the shared identifier (only when the counts above are > 0).
SELECT o.dot_number, o.legal_name, o.phy_city, o.phy_state
FROM carrier.carriers o
JOIN carrier.carriers c ON c.dot_number = @dot
WHERE o.dot_number <> c.dot_number
  AND (o.telephone = NULLIF(c.telephone, '') OR o.email_address = NULLIF(c.email_address, ''))
LIMIT 50;",""
"26","B3","Where are they based?","Contact info / address","DOT in context","@dot","carrier (MySQL 8.4)","B3","physical_address + mailing_address, with address_looks_virtual and other_carriers_same_address attached.","SET NAMES utf8mb4 COLLATE utf8mb4_0900_ai_ci;

-- ===== B3 =====
SET @dot := 1749;

SELECT
    c.legal_name,
    COALESCE(NULLIF(c.telephone, ''), d.phone)                            AS dispatch_phone,
    d.cell_phone,
    c.fax,
    c.email_address                                                       AS official_email,
    CONCAT_WS(', ', c.phy_street, c.phy_city, c.phy_state, c.phy_zip)     AS physical_address,
    CONCAT_WS(', ', c.mailing_street, c.mailing_city, c.mailing_state, c.mailing_zip) AS mailing_address,
    d.company_officer_1, d.company_officer_2,

    -- identity notes
    (SELECT COUNT(DISTINCT o.dot_number) FROM carrier.carriers o
      WHERE o.telephone = c.telephone AND c.telephone <> '' AND o.dot_number <> c.dot_number)
                                                                          AS other_carriers_same_phone,
    (SELECT COUNT(DISTINCT o.dot_number) FROM carrier.carriers o
      WHERE o.email_address = c.email_address AND c.email_address <> '' AND o.dot_number <> c.dot_number)
                                                                          AS other_carriers_same_email,
    (SELECT COUNT(DISTINCT o.dot_number) FROM carrier.carriers o
      WHERE o.phy_street = c.phy_street AND o.phy_city = c.phy_city AND o.phy_state = c.phy_state
        AND CHAR_LENGTH(TRIM(COALESCE(c.phy_street,''))) > 5 AND o.dot_number <> c.dot_number)
                                                                          AS other_carriers_same_address,
    UPPER(CONCAT_WS(' | ', c.phy_street, c.mailing_street)) REGEXP
        'UPS STORE|REGUS|WEWORK|PMB |POSTAL ANNEX|MAIL BOXES ETC|MAILBOX|REGISTERED AGENT|VIRTUAL OFFICE|SUITE #'
                                                                          AS address_looks_virtual,
    c.updated_at                                                          AS fmcsa_synced_at
FROM carrier.carriers c
LEFT JOIN carrier.carrier_details d ON d.dot_number = c.dot_number
WHERE c.dot_number = @dot;

-- B3b — who else uses the shared identifier (only when the counts above are > 0).
SELECT o.dot_number, o.legal_name, o.phy_city, o.phy_state
FROM carrier.carriers o
JOIN carrier.carriers c ON c.dot_number = @dot
WHERE o.dot_number <> c.dot_number
  AND (o.telephone = NULLIF(c.telephone, '') OR o.email_address = NULLIF(c.email_address, ''))
LIMIT 50;",""
"27","B4","What's their DOT?","Identifiers","DOT in context","@dot","carrier (MySQL 8.4)","B4","MC, DOT, EIN (as on the FMCSA record), DUNS.","SET NAMES utf8mb4 COLLATE utf8mb4_0900_ai_ci;

-- ===== B4 =====
SET @dot := 1749;

SELECT
    c.legal_name,
    c.dot_number                                                          AS dot,
    (SELECT GROUP_CONCAT(DISTINCT a.docket_number ORDER BY a.docket_number SEPARATOR ', ')
       FROM carrier.carrier_authorities a WHERE a.dot_number = c.dot_number) AS mc_numbers,
    'NA — not carried in the FMCSA feed'                                  AS ein,
    COALESCE(CAST(NULLIF(d.dun_bradstreet_no, 0) AS CHAR), 'NA')          AS duns,
    CONCAT_WS('', d.docket1prefix, NULLIF(d.docket1, 0))                  AS docket_1,
    CONCAT_WS('', d.docket2prefix, NULLIF(d.docket2, 0))                  AS docket_2,
    CONCAT_WS('', d.docket3prefix, NULLIF(d.docket3, 0))                  AS docket_3
FROM carrier.carriers c
LEFT JOIN carrier.carrier_details d ON d.dot_number = c.dot_number
WHERE c.dot_number = @dot;",""
"28","B4","EIN for Sikander S Gill?","Identifiers, EIN","Name -> DOT","@name; @dot","carrier (MySQL 8.4)","A3 + B4","EIN is not carried in the FMCSA feed — B4 returns ""NA — not carried in the FMCSA feed"" rather than omitting it silently.","SET NAMES utf8mb4 COLLATE utf8mb4_0900_ai_ci;

-- ===== A3 =====
SET @name := 'RUNDLETT';

SELECT
    c.dot_number,
    (SELECT GROUP_CONCAT(DISTINCT a.docket_number ORDER BY a.docket_number SEPARATOR ', ')
       FROM carrier.carrier_authorities a WHERE a.dot_number = c.dot_number) AS mc_numbers,
    c.legal_name,
    c.dba_name,
    c.phy_state,
    c.phy_city,
    CONCAT_WS('/',
        NULLIF(CONCAT('Common:',  (SELECT MAX(common_stat)   FROM carrier.carrier_authorities a WHERE a.dot_number = c.dot_number)), 'Common:'),
        NULLIF(CONCAT('Contract:',(SELECT MAX(contract_stat) FROM carrier.carrier_authorities a WHERE a.dot_number = c.dot_number)), 'Contract:'),
        NULLIF(CONCAT('Broker:',  (SELECT MAX(broker_stat)   FROM carrier.carrier_authorities a WHERE a.dot_number = c.dot_number)), 'Broker:')
    )                                                                        AS authority,
    d.status_code                                                            AS usdot_status,
    c.nbr_power_unit                                                         AS power_units
FROM carrier.carriers c
LEFT JOIN carrier.carrier_details d ON d.dot_number = c.dot_number
WHERE c.legal_name LIKE CONCAT('%', @name, '%')
   OR c.dba_name   LIKE CONCAT('%', @name, '%')
ORDER BY (d.status_code = 'A') DESC, c.nbr_power_unit DESC
LIMIT 25;
-- DT Score per match: join newbrokerapi.search_histories separately (A1c) —
-- the two databases are on different servers.

-- ===== B4 =====
SET @dot := 1749;

SELECT
    c.legal_name,
    c.dot_number                                                          AS dot,
    (SELECT GROUP_CONCAT(DISTINCT a.docket_number ORDER BY a.docket_number SEPARATOR ', ')
       FROM carrier.carrier_authorities a WHERE a.dot_number = c.dot_number) AS mc_numbers,
    'NA — not carried in the FMCSA feed'                                  AS ein,
    COALESCE(CAST(NULLIF(d.dun_bradstreet_no, 0) AS CHAR), 'NA')          AS duns,
    CONCAT_WS('', d.docket1prefix, NULLIF(d.docket1, 0))                  AS docket_1,
    CONCAT_WS('', d.docket2prefix, NULLIF(d.docket2, 0))                  AS docket_2,
    CONCAT_WS('', d.docket3prefix, NULLIF(d.docket3, 0))                  AS docket_3
FROM carrier.carriers c
LEFT JOIN carrier.carrier_details d ON d.dot_number = c.dot_number
WHERE c.dot_number = @dot;",""
"29","B4","DUNS?","Identifiers, DUNS","DOT in context","@dot","carrier (MySQL 8.4)","B4","duns column, or NA. A DUNS shared with other carriers is a fraud signal (A2).","SET NAMES utf8mb4 COLLATE utf8mb4_0900_ai_ci;

-- ===== B4 =====
SET @dot := 1749;

SELECT
    c.legal_name,
    c.dot_number                                                          AS dot,
    (SELECT GROUP_CONCAT(DISTINCT a.docket_number ORDER BY a.docket_number SEPARATOR ', ')
       FROM carrier.carrier_authorities a WHERE a.dot_number = c.dot_number) AS mc_numbers,
    'NA — not carried in the FMCSA feed'                                  AS ein,
    COALESCE(CAST(NULLIF(d.dun_bradstreet_no, 0) AS CHAR), 'NA')          AS duns,
    CONCAT_WS('', d.docket1prefix, NULLIF(d.docket1, 0))                  AS docket_1,
    CONCAT_WS('', d.docket2prefix, NULLIF(d.docket2, 0))                  AS docket_2,
    CONCAT_WS('', d.docket3prefix, NULLIF(d.docket3, 0))                  AS docket_3
FROM carrier.carriers c
LEFT JOIN carrier.carrier_details d ON d.dot_number = c.dot_number
WHERE c.dot_number = @dot;",""
"30","B5","Do they haul general freight?","Cargo registration","DOT in context","@dot","carrier (MySQL 8.4)","B5","""Registered to carry: ... Not registered: ..."" plus the caveat ""Cargo registrations are self-reported to FMCSA."" Answers the registration fact, not a capability endorsement.","SET NAMES utf8mb4 COLLATE utf8mb4_0900_ai_ci;

-- ===== B5 =====
SET @dot := 1749;

SELECT
    c.legal_name,
    -- classification flags (carrier_census)
    CONCAT_WS(', ',
        IF(ce.authorized_for_hire            = 1, 'Authorized For Hire', NULL),
        IF(ce.exempt_for_hire                = 1, 'Exempt For Hire', NULL),
        IF(ce.private_property               = 1, 'Private Property', NULL),
        IF(ce.private_passenger_business     = 1, 'Private Passenger (Business)', NULL),
        IF(ce.private_passenger_nonbusiness  = 1, 'Private Passenger (Non-business)', NULL),
        IF(ce.migrant                        = 1, 'Migrant', NULL),
        IF(ce.us_mail                        = 1, 'U.S. Mail', NULL),
        IF(ce.federal_government             = 1, 'Federal Government', NULL),
        IF(ce.state_government                = 1, 'State Government', NULL),
        IF(ce.local_government               = 1, 'Local Government', NULL),
        IF(ce.indian_tribe                   = 1, 'Indian Tribe', NULL),
        NULLIF(NULLIF(NULLIF(ce.op_other, ''), 'N'), '0')   -- op_other carries 'N' when unset
    )                                                                     AS classifications,

    -- cargo registered (carrier_details.crgo_*)
    CONCAT_WS(', ',
        IF(d.crgo_genfreight  = 'X', 'General Freight', NULL),
        IF(d.crgo_household   = 'X', 'Household Goods', NULL),
        IF(d.crgo_metalsheet  = 'X', 'Metal: Sheets/Coils/Rolls', NULL),
        IF(d.crgo_motoveh     = 'X', 'Motor Vehicles', NULL),
        IF(d.crgo_drivetow    = 'X', 'Drive/Tow Away', NULL),
        IF(d.crgo_logpole     = 'X', 'Logs/Poles/Beams/Lumber', NULL),
        IF(d.crgo_bldgmat     = 'X', 'Building Materials', NULL),
        IF(d.crgo_mobilehome  = 'X', 'Mobile Homes', NULL),
        IF(d.crgo_machlrg     = 'X', 'Machinery/Large Objects', NULL),
        IF(d.crgo_produce     = 'X', 'Fresh Produce', NULL),
        IF(d.crgo_liqgas      = 'X', 'Liquids/Gases', NULL),
        IF(d.crgo_intermodal  = 'X', 'Intermodal Containers', NULL),
        IF(d.crgo_oilfield    = 'X', 'Oilfield Equipment', NULL),
        IF(d.crgo_livestock   = 'X', 'Livestock', NULL),
        IF(d.crgo_grainfeed   = 'X', 'Grain/Feed/Hay', NULL),
        IF(d.crgo_coalcoke    = 'X', 'Coal/Coke', NULL),
        IF(d.crgo_meat        = 'X', 'Meat', NULL),
        IF(d.crgo_garbage     = 'X', 'Garbage/Refuse', NULL),
        IF(d.crgo_usmail      = 'X', 'U.S. Mail', NULL),
        IF(d.crgo_chem        = 'X', 'Chemicals', NULL),
        IF(d.crgo_drybulk     = 'X', 'Commodities Dry Bulk', NULL),
        IF(d.crgo_coldfood    = 'X', 'Refrigerated Food', NULL),
        IF(d.crgo_beverages   = 'X', 'Beverages', NULL),
        IF(d.crgo_paperprod   = 'X', 'Paper Products', NULL),
        IF(d.crgo_utility     = 'X', 'Utility', NULL),
        IF(d.crgo_farmsupp    = 'X', 'Farm Supplies', NULL),
        IF(d.crgo_construct   = 'X', 'Construction', NULL),
        IF(d.crgo_waterwell   = 'X', 'Water Well', NULL)
    )                                                                     AS cargo_registered,
    c.hm_flag                                                             AS hazmat_flag,
    a.hhg_chk                                                             AS household_goods_authority,
    a.passenger_chk                                                       AS passenger_authority,
    'Cargo registrations are self-reported to FMCSA.'                     AS caveat
FROM carrier.carriers c
LEFT JOIN carrier.carrier_details    d  ON d.dot_number  = c.dot_number
LEFT JOIN carrier.carrier_census     ce ON ce.dot_number = c.dot_number
LEFT JOIN carrier.carrier_authorities a ON a.dot_number  = c.dot_number
WHERE c.dot_number = @dot;

-- B5b — ""can they haul X?"" as a direct yes/no on the registration, one commodity.
SET @cargo_column := 'crgo_grainfeed';
SELECT d.dot_number,
       @cargo_column                                       AS commodity,
       IF(JSON_UNQUOTE(JSON_EXTRACT(JSON_OBJECT(
           'crgo_genfreight', d.crgo_genfreight, 'crgo_grainfeed', d.crgo_grainfeed,
           'crgo_bldgmat',    d.crgo_bldgmat,    'crgo_machlrg',   d.crgo_machlrg,
           'crgo_produce',    d.crgo_produce,    'crgo_livestock', d.crgo_livestock
           /* add the rest as needed */
       ), CONCAT('$.', @cargo_column))) = 'X', 'Registered', 'Not registered') AS registration_state
FROM carrier.carrier_details d
WHERE d.dot_number = @dot;",""
"31","B5","Are they authorized for hire?","Operation classification","DOT in context","@dot","carrier (MySQL 8.4)","B5","classifications column. NULL when the census file has no row for this DOT yet — report as unknown, not as ""no"".","SET NAMES utf8mb4 COLLATE utf8mb4_0900_ai_ci;

-- ===== B5 =====
SET @dot := 1749;

SELECT
    c.legal_name,
    -- classification flags (carrier_census)
    CONCAT_WS(', ',
        IF(ce.authorized_for_hire            = 1, 'Authorized For Hire', NULL),
        IF(ce.exempt_for_hire                = 1, 'Exempt For Hire', NULL),
        IF(ce.private_property               = 1, 'Private Property', NULL),
        IF(ce.private_passenger_business     = 1, 'Private Passenger (Business)', NULL),
        IF(ce.private_passenger_nonbusiness  = 1, 'Private Passenger (Non-business)', NULL),
        IF(ce.migrant                        = 1, 'Migrant', NULL),
        IF(ce.us_mail                        = 1, 'U.S. Mail', NULL),
        IF(ce.federal_government             = 1, 'Federal Government', NULL),
        IF(ce.state_government                = 1, 'State Government', NULL),
        IF(ce.local_government               = 1, 'Local Government', NULL),
        IF(ce.indian_tribe                   = 1, 'Indian Tribe', NULL),
        NULLIF(NULLIF(NULLIF(ce.op_other, ''), 'N'), '0')   -- op_other carries 'N' when unset
    )                                                                     AS classifications,

    -- cargo registered (carrier_details.crgo_*)
    CONCAT_WS(', ',
        IF(d.crgo_genfreight  = 'X', 'General Freight', NULL),
        IF(d.crgo_household   = 'X', 'Household Goods', NULL),
        IF(d.crgo_metalsheet  = 'X', 'Metal: Sheets/Coils/Rolls', NULL),
        IF(d.crgo_motoveh     = 'X', 'Motor Vehicles', NULL),
        IF(d.crgo_drivetow    = 'X', 'Drive/Tow Away', NULL),
        IF(d.crgo_logpole     = 'X', 'Logs/Poles/Beams/Lumber', NULL),
        IF(d.crgo_bldgmat     = 'X', 'Building Materials', NULL),
        IF(d.crgo_mobilehome  = 'X', 'Mobile Homes', NULL),
        IF(d.crgo_machlrg     = 'X', 'Machinery/Large Objects', NULL),
        IF(d.crgo_produce     = 'X', 'Fresh Produce', NULL),
        IF(d.crgo_liqgas      = 'X', 'Liquids/Gases', NULL),
        IF(d.crgo_intermodal  = 'X', 'Intermodal Containers', NULL),
        IF(d.crgo_oilfield    = 'X', 'Oilfield Equipment', NULL),
        IF(d.crgo_livestock   = 'X', 'Livestock', NULL),
        IF(d.crgo_grainfeed   = 'X', 'Grain/Feed/Hay', NULL),
        IF(d.crgo_coalcoke    = 'X', 'Coal/Coke', NULL),
        IF(d.crgo_meat        = 'X', 'Meat', NULL),
        IF(d.crgo_garbage     = 'X', 'Garbage/Refuse', NULL),
        IF(d.crgo_usmail      = 'X', 'U.S. Mail', NULL),
        IF(d.crgo_chem        = 'X', 'Chemicals', NULL),
        IF(d.crgo_drybulk     = 'X', 'Commodities Dry Bulk', NULL),
        IF(d.crgo_coldfood    = 'X', 'Refrigerated Food', NULL),
        IF(d.crgo_beverages   = 'X', 'Beverages', NULL),
        IF(d.crgo_paperprod   = 'X', 'Paper Products', NULL),
        IF(d.crgo_utility     = 'X', 'Utility', NULL),
        IF(d.crgo_farmsupp    = 'X', 'Farm Supplies', NULL),
        IF(d.crgo_construct   = 'X', 'Construction', NULL),
        IF(d.crgo_waterwell   = 'X', 'Water Well', NULL)
    )                                                                     AS cargo_registered,
    c.hm_flag                                                             AS hazmat_flag,
    a.hhg_chk                                                             AS household_goods_authority,
    a.passenger_chk                                                       AS passenger_authority,
    'Cargo registrations are self-reported to FMCSA.'                     AS caveat
FROM carrier.carriers c
LEFT JOIN carrier.carrier_details    d  ON d.dot_number  = c.dot_number
LEFT JOIN carrier.carrier_census     ce ON ce.dot_number = c.dot_number
LEFT JOIN carrier.carrier_authorities a ON a.dot_number  = c.dot_number
WHERE c.dot_number = @dot;

-- B5b — ""can they haul X?"" as a direct yes/no on the registration, one commodity.
SET @cargo_column := 'crgo_grainfeed';
SELECT d.dot_number,
       @cargo_column                                       AS commodity,
       IF(JSON_UNQUOTE(JSON_EXTRACT(JSON_OBJECT(
           'crgo_genfreight', d.crgo_genfreight, 'crgo_grainfeed', d.crgo_grainfeed,
           'crgo_bldgmat',    d.crgo_bldgmat,    'crgo_machlrg',   d.crgo_machlrg,
           'crgo_produce',    d.crgo_produce,    'crgo_livestock', d.crgo_livestock
           /* add the rest as needed */
       ), CONCAT('$.', @cargo_column))) = 'X', 'Registered', 'Not registered') AS registration_state
FROM carrier.carrier_details d
WHERE d.dot_number = @dot;",""

"32","B5","Can they haul grain?","Cargo registration, one commodity","DOT in context","@dot; @cargo_column='crgo_grainfeed'","carrier (MySQL 8.4)","B5","B5b (inside the B5 block) gives Registered / Not registered for one commodity. Same self-reported caveat applies.","SET NAMES utf8mb4 COLLATE utf8mb4_0900_ai_ci;

-- ===== B5 =====
SET @dot := 1749;

SELECT
    c.legal_name,
    -- classification flags (carrier_census)
    CONCAT_WS(', ',
        IF(ce.authorized_for_hire            = 1, 'Authorized For Hire', NULL),
        IF(ce.exempt_for_hire                = 1, 'Exempt For Hire', NULL),
        IF(ce.private_property               = 1, 'Private Property', NULL),
        IF(ce.private_passenger_business     = 1, 'Private Passenger (Business)', NULL),
        IF(ce.private_passenger_nonbusiness  = 1, 'Private Passenger (Non-business)', NULL),
        IF(ce.migrant                        = 1, 'Migrant', NULL),
        IF(ce.us_mail                        = 1, 'U.S. Mail', NULL),
        IF(ce.federal_government             = 1, 'Federal Government', NULL),
        IF(ce.state_government                = 1, 'State Government', NULL),
        IF(ce.local_government               = 1, 'Local Government', NULL),
        IF(ce.indian_tribe                   = 1, 'Indian Tribe', NULL),
        NULLIF(NULLIF(NULLIF(ce.op_other, ''), 'N'), '0')   -- op_other carries 'N' when unset
    )                                                                     AS classifications,

    -- cargo registered (carrier_details.crgo_*)
    CONCAT_WS(', ',
        IF(d.crgo_genfreight  = 'X', 'General Freight', NULL),
        IF(d.crgo_household   = 'X', 'Household Goods', NULL),
        IF(d.crgo_metalsheet  = 'X', 'Metal: Sheets/Coils/Rolls', NULL),
        IF(d.crgo_motoveh     = 'X', 'Motor Vehicles', NULL),
        IF(d.crgo_drivetow    = 'X', 'Drive/Tow Away', NULL),
        IF(d.crgo_logpole     = 'X', 'Logs/Poles/Beams/Lumber', NULL),
        IF(d.crgo_bldgmat     = 'X', 'Building Materials', NULL),
        IF(d.crgo_mobilehome  = 'X', 'Mobile Homes', NULL),
        IF(d.crgo_machlrg     = 'X', 'Machinery/Large Objects', NULL),
        IF(d.crgo_produce     = 'X', 'Fresh Produce', NULL),
        IF(d.crgo_liqgas      = 'X', 'Liquids/Gases', NULL),
        IF(d.crgo_intermodal  = 'X', 'Intermodal Containers', NULL),
        IF(d.crgo_oilfield    = 'X', 'Oilfield Equipment', NULL),
        IF(d.crgo_livestock   = 'X', 'Livestock', NULL),
        IF(d.crgo_grainfeed   = 'X', 'Grain/Feed/Hay', NULL),
        IF(d.crgo_coalcoke    = 'X', 'Coal/Coke', NULL),
        IF(d.crgo_meat        = 'X', 'Meat', NULL),
        IF(d.crgo_garbage     = 'X', 'Garbage/Refuse', NULL),
        IF(d.crgo_usmail      = 'X', 'U.S. Mail', NULL),
        IF(d.crgo_chem        = 'X', 'Chemicals', NULL),
        IF(d.crgo_drybulk     = 'X', 'Commodities Dry Bulk', NULL),
        IF(d.crgo_coldfood    = 'X', 'Refrigerated Food', NULL),
        IF(d.crgo_beverages   = 'X', 'Beverages', NULL),
        IF(d.crgo_paperprod   = 'X', 'Paper Products', NULL),
        IF(d.crgo_utility     = 'X', 'Utility', NULL),
        IF(d.crgo_farmsupp    = 'X', 'Farm Supplies', NULL),
        IF(d.crgo_construct   = 'X', 'Construction', NULL),
        IF(d.crgo_waterwell   = 'X', 'Water Well', NULL)
    )                                                                     AS cargo_registered,
    c.hm_flag                                                             AS hazmat_flag,
    a.hhg_chk                                                             AS household_goods_authority,
    a.passenger_chk                                                       AS passenger_authority,
    'Cargo registrations are self-reported to FMCSA.'                     AS caveat
FROM carrier.carriers c
LEFT JOIN carrier.carrier_details    d  ON d.dot_number  = c.dot_number
LEFT JOIN carrier.carrier_census     ce ON ce.dot_number = c.dot_number
LEFT JOIN carrier.carrier_authorities a ON a.dot_number  = c.dot_number
WHERE c.dot_number = @dot;

-- B5b — ""can they haul X?"" as a direct yes/no on the registration, one commodity.
SET @cargo_column := 'crgo_grainfeed';
SELECT d.dot_number,
       @cargo_column                                       AS commodity,
       IF(JSON_UNQUOTE(JSON_EXTRACT(JSON_OBJECT(
           'crgo_genfreight', d.crgo_genfreight, 'crgo_grainfeed', d.crgo_grainfeed,
           'crgo_bldgmat',    d.crgo_bldgmat,    'crgo_machlrg',   d.crgo_machlrg,
           'crgo_produce',    d.crgo_produce,    'crgo_livestock', d.crgo_livestock
           /* add the rest as needed */
       ), CONCAT('$.', @cargo_column))) = 'X', 'Registered', 'Not registered') AS registration_state
FROM carrier.carrier_details d
WHERE d.dot_number = @dot;",""
"33","B6","Is Warrior Trucking the same as Sikander S Gill Corp?","Legal entity / DBA mapping","Two names","@dot; @name_a; @name_b","carrier (MySQL 8.4)","B6","Legal name <-> DBA mapping from the record. B6b puts both names side by side: same DOT on both rows means same entity.","SET NAMES utf8mb4 COLLATE utf8mb4_0900_ai_ci;

-- ===== B6 =====
SET @dot := 1749;

SELECT
    c.dot_number,
    c.legal_name,
    c.dba_name,
    a.legal_name                                                          AS legal_name_on_authority,
    a.dba_name                                                            AS dba_name_on_authority,
    a.docket_number,
    d.business_org_desc                                                   AS entity_type
FROM carrier.carriers c
LEFT JOIN carrier.carrier_authorities a ON a.dot_number = c.dot_number
LEFT JOIN carrier.carrier_details     d ON d.dot_number = c.dot_number
WHERE c.dot_number = @dot;

-- B6b — ""is <name> the same entity as <other name>?"" Both names, side by side,
-- with the DOT that carries each. Same DOT on both rows => same entity.
SET @name_a := 'WARRIOR TRUCKING';
SET @name_b := 'SIKANDER S GILL';

SELECT
    IF(c.legal_name LIKE CONCAT('%', @name_a, '%') OR c.dba_name LIKE CONCAT('%', @name_a, '%'),
       @name_a, @name_b)        AS matched_on,
    c.dot_number, c.legal_name, c.dba_name, c.phy_city, c.phy_state
FROM carrier.carriers c
WHERE c.legal_name LIKE CONCAT('%', @name_a, '%') OR c.dba_name LIKE CONCAT('%', @name_a, '%')
   OR c.legal_name LIKE CONCAT('%', @name_b, '%') OR c.dba_name LIKE CONCAT('%', @name_b, '%')
LIMIT 25;",""
